Days_to_Festival,Sales_Volume
53,140
67,87
40,141
19,294
69,61
86,8
19,239
39,201
44,148
69,47
76,94
62,92
61,98
9,404
19,286
58,84
84,71
9,384
30,258
19,308
47,143
64,82
64,46
58,48
30,205
89,11
28,257
81,0
79,13
10,380
56,114
13,290
15,272
29,174
89,66
11,364
82,82
41,145
30,199
79,68
65,118
49,94
37,163
3,452
81,20
48,153
19,271
26,227
22,270
37,200
87,79
20,244
36,194
1,491
74,65
88,3
52,140
73,72
87,14
20,222
13,331
32,208
10,330
39,79
85,37
26,209
73,16
31,179
64,77
46,92
68,125
19,297
52,139
19,293
89,0
88,52
77,47
71,63
65,52
9,369
39,199
3,450
76,22
51,85
80,79
61,119
73,69
82,54
77,84
68,65
3,440
51,40
72,48
81,41
10,407
72,46
49,104
20,221
88,52
1,505
57,85
46,125
36,236
68,150
54,106
58,53
79,1
82,65
68,118
50,157
9,411
65,71
25,200
48,158
31,163
26,215
77,13
69,7
20,233
64,33
69,64
30,183
9,440
47,91
60,40
10,421
69,112
24,223
20,303
85,80
13,298
63,79
23,200
44,125
59,89
88,45
17,295
37,152
40,133
46,83
14,365
72,114
17,339
55,128
21,280
64,87
59,126
43,104
84,64
22,261
6,401
75,35
38,163
42,143
76,69
71,52
26,229
59,108
72,39
20,289
81,75
82,66
89,49
52,56
53,94
46,131
87,53
13,291
60,79
3,482
34,227
3,433
27,193
1,479
30,299
80,85
30,244
71,40
36,179
38,175
10,384
16,269
39,102
87,68
61,43
71,55
15,291
49,87
13,323
42,120
63,110
7,423
1,485
20,264
2,475
74,68
50,66
35,179
31,205
45,121
7,363
17,271
24,265
89,37
11,366
17,280
89,67
30,194
36,138
9,390
87,0
36,175
66,90
81,0
60,112
71,0
72,82
9,387
12,370
1,453
67,14
16,329
9,336
82,52
24,282
82,39
71,58
51,90
4,476
89,29
88,50
58,32
24,228
80,37
9,363
53,92
69,61
12,349
86,7
42,168
70,44
60,155
14,386
11,364
88,29
81,53
35,165
3,453
62,107
46,96
43,126
29,220
32,170
34,183
68,49
1,508
26,218
39,176
13,312
35,151
62,124
62,30
44,116
19,277
44,75
23,242
77,0
41,151
74,57
70,0
72,49
75,43
45,116
57,62
66,84
23,215
38,178
18,323
3,440
44,111
5,432
28,248
43,86
57,79
66,65
70,76
65,70
13,349
79,51
54,96
2,487
22,258
32,197
78,48
11,346
82,69
49,153
89,28
13,305
40,178
36,143
40,192
71,95
16,311
78,22
60,86
12,344
17,289
76,97
49,129
60,104
37,126
55,138
38,132
28,210
31,198
28,237
8,429
19,295
30,223
71,0
27,254
16,317
54,95
15,328
85,44
16,326
46,95
2,466
88,6
50,132
25,252
61,67
17,252
3,398
80,60
72,77
68,52
27,201
40,94
83,0
42,182
76,40
28,230
88,51
17,273
73,45
48,160
3,440
4,445
69,75
54,130
84,65
11,325
73,76
85,15
6,399
46,94
5,435
70,54
40,211
19,327
30,185
54,64
63,65
36,183
73,52
80,64
45,75
20,315
67,128
84,0
74,73
81,48
13,353
43,72
49,55
88,35
31,178
44,116
40,161
17,337
41,112
53,103
24,220
33,191
25,228
43,155
50,67
61,100
46,101
87,7
89,21
63,115
72,63
39,160
19,311
22,172
55,57
19,278
52,128
54,110
42,151
23,255
70,117
31,233
38,163
64,83
45,137
78,0
6,389
81,40
8,422
14,338
76,69
6,390
66,56
13,285
65,91
11,343
22,230
77,59
68,100
72,78
35,178
32,160
17,300
89,44
22,243
82,64
32,162
12,311
69,38
72,38
83,53
63,116
10,398
35,154
81,20
13,317
35,159
73,83
84,78
62,115
82,61
9,394
28,246
38,160
82,40
47,127
48,99
23,270
2,443
53,95
15,368
2,510
34,190
56,52
44,123
49,142
17,317
55,91
36,207
56,92
74,54
24,271
83,47
61,87
65,43
2,453
61,80
59,163
7,380
75,26
4,445
78,105
14,368
71,41
5,413
78,57
7,391
67,120
88,51
36,136
47,113
10,384
53,119
59,89
80,37
52,131
2,514
73,80
26,230
12,316
4,440
60,39
62,88
26,247
28,241
1,520
39,160
43,171
78,34
53,101
31,245
36,180
77,74
75,92
43,129
58,101
47,172
8,458
41,140
29,180
66,100
74,21
83,65
55,85
12,348
8,397
71,86
48,180
77,119
50,101
62,76
66,58
3,447
38,159
32,196
43,103
76,60
78,54
55,91
18,267
88,66
19,309
35,168
40,131
17,306
20,247
69,58
62,78
76,7
81,22
47,81
4,425
26,219
17,296
16,338
55,124
73,78
53,45
84,47
49,98
1,457
44,153
71,68
4,451
68,38
60,119
60,129
25,200
43,121
25,219
27,215
89,42
19,254
59,129
68,102
59,63
85,12
16,350
76,40
47,94
58,98
31,223
66,45
62,75
21,245
64,119
69,34
82,6
20,276
57,76
56,113
23,267
30,130
25,278
61,112
76,83
22,279
43,147
23,206
48,134
54,116
55,136
49,133
58,145
19,251
59,165
70,29
23,230
35,200
19,276
36,242
67,69
51,115
2,487
58,90
45,148
44,93
37,214
6,395
27,182
66,49
54,151
56,75
77,22
28,175
23,222
22,249
67,50
61,103
53,94
41,119
83,79
42,129
13,357
27,243
61,70
74,50
76,51
43,164
56,66
41,135
49,159
77,58
21,303
60,47
81,94
66,90
19,308
70,35
34,213
66,28
66,78
88,34
87,62
21,275
82,78
81,72
40,197
50,117
55,74
84,55
59,55
52,126
14,372
35,141
21,310
17,281
79,0
63,51
5,488
69,42
88,0
55,60
49,144
34,207
87,23
70,79
50,128
43,125
25,273
46,112
88,36
20,239
2,479
38,188
82,32
79,38
54,31
9,411
20,258
40,127
44,115
39,107
22,251
58,52
47,110
55,108
25,221
58,71
20,333
53,64
27,213
25,252
47,149
12,311
18,304
85,27
51,152
43,149
31,205
18,341
42,142
80,21
84,0
11,339
67,102
72,32
41,148
51,92
54,107
62,69
83,18
26,205
47,147
79,43
63,99
19,260
32,210
86,12
70,8
28,209
75,80
69,84
80,23
51,119
38,166
83,29
59,83
71,90
18,281
47,99
68,73
20,239
32,186
14,341
9,386
27,214
24,249
4,465
84,75
73,0
85,4
86,16
53,141
71,61
67,53
78,32
20,264
40,143
59,80
26,221
17,310
61,91
71,16
79,74
59,103
16,298
9,374
31,195
6,458
72,65
50,167
63,60
12,334
5,431
25,211
31,190
41,126
23,291
55,105
9,342
67,41
9,385
66,48
70,74
8,402
44,90
29,207
86,54
9,407
16,298
78,56
44,125
6,417
76,50
35,197
27,230
13,310
70,46
24,259
81,22
60,93
81,83
45,160
83,62
80,50
12,321
20,187
71,51
33,154
32,168
52,67
32,252
14,333
34,174
30,202
24,221
63,68
20,268
34,173
5,436
12,361
77,26
78,67
68,63
58,133
89,24
29,238
12,359
82,63
36,215
38,116
18,263
52,112
54,152
36,179
12,357
32,158
82,43
30,195
25,194
36,181
79,102
89,58
4,415
59,85
42,123
29,251
78,72
43,180
47,132
34,176
86,1
32,205
43,114
71,34
16,325
83,69
20,273
63,47
68,70
50,171
16,300
76,43
32,189
47,106
87,50
24,271
56,79
35,133
27,274
71,100
24,281
81,76
11,341
6,394
88,75
47,99
6,359
38,175
51,120
10,433
19,256
69,52
62,66
1,460
10,394
48,113
26,181
73,0
71,2
60,141
64,109
76,40
72,102
83,86
81,6
19,231
83,29
33,188
27,161
87,0
24,263
49,137
54,133
40,101
74,17
26,250
74,40
81,46
8,403
25,249
45,148
75,6
79,17
54,123
50,97
3,530
49,138
54,108
68,40
22,253
40,153
83,45
89,72
5,436
18,299
70,96
17,299
82,37
60,84
38,131
9,344
51,97
74,63
39,196
63,56
37,203
31,148
60,81
88,54
25,210
87,64
12,314
13,311
80,22
63,109
19,309
18,295
4,466
65,88
23,258
65,53
59,58
21,256
34,188
86,41
57,68
80,109
18,318
26,220
27,228
61,65
61,158
24,221
45,122
39,139
41,147
25,227
56,111
86,21
26,227
87,37
82,91
75,84
36,200
57,142
17,303
87,47
43,131
50,129
83,94
62,11
51,140
15,369
65,110
3,417
81,0
17,312
59,41
29,117
68,86
5,478
54,135
57,129
10,357
38,155
13,317
3,424
9,391
56,111
73,17
17,257
5,436
8,434
32,180
17,345
56,100
57,78
10,363
38,148
39,149
83,76
83,0
13,309
37,148
43,132
46,106
17,303
35,182
68,82
89,69
89,56
31,249
26,266
28,290
49,160
16,266
29,225
20,309
10,351
69,37
53,86
9,389
22,303
21,315
48,108
5,409
15,337
69,39
75,6
68,59
60,32
77,81
9,380
59,67
88,59
79,47
53,54
42,130
36,127
39,160
60,94
44,181
34,184
78,20
11,333
22,240
70,77
12,363
40,129
18,339
9,421
17,323
21,251
31,141
88,8
77,53
77,28
59,85
88,29
82,46
24,218
33,228
61,125
54,124
29,235
5,475
41,97
34,114
83,64
4,497
70,52
26,235
16,295
67,72
85,52
61,121
25,276
27,226
70,40
38,152
83,37
26,271
18,289
63,104
40,201
37,171
45,146
28,206
69,81
15,341
76,63
14,289
69,89
30,253
30,203
15,274
57,120
68,138
73,71
72,0
25,288
81,23
17,305
39,187
24,280
82,60
46,144
57,106
34,152
82,20
74,75
48,143
53,92
76,41
28,207
31,182
50,133
3,469
65,35
84,24
52,87
61,70
42,112
57,85
53,52
9,372
6,438
3,466
89,12
32,190
71,71
24,217
51,100
38,205
72,79
54,106
63,84
28,215
80,76
69,25
30,210
2,447
11,328
27,221
31,171
46,174
14,332
23,215
38,138
72,89
63,95
72,78
38,203
10,383
86,64
81,80
77,85
13,361
89,15
51,83
41,135
58,78
47,125
26,220
64,36
16,316
50,92
75,43
80,74
51,119
25,218
87,53
84,41
85,24
58,45
65,82
87,39
85,0
80,65
48,117
80,69
10,364
86,58
45,122
20,304
69,54
22,244
65,96
48,210
45,143
19,283
17,319
38,199
79,81
40,204
29,246
13,333
42,169
51,73
77,73
43,103
5,481
81,0
11,313
87,27
71,63
6,397
26,224
5,419
20,247
4,456
53,171
63,63
58,88
60,47
20,319
86,20
55,146
16,296
61,95
15,337
22,267
5,374
88,0
18,318
11,371
56,82
1,539
16,345
37,161
53,66
85,36
89,67
49,100
74,54
66,55
46,95
8,345
10,399
70,35
60,78
11,374
13,394
19,271
80,117
52,51
68,125
53,128
78,14
65,64
33,216
21,257
23,269
67,15
43,145
10,356
48,83
80,34
28,200
82,34
31,216
6,395
73,33
21,248
37,147
41,185
55,111
16,308
86,0
48,142
81,43
16,267
82,28
51,121
86,99
50,121
28,225
36,155
66,83
39,179
45,117
87,18
41,150
29,206
35,184
52,169
65,119
80,48
63,32
26,215
81,72
43,148
70,0
12,335
24,269
10,360
41,128
36,171
65,33
33,164
41,100
31,146
27,264
36,212
48,137
84,51
27,170
39,167
26,185
38,104
30,139
76,16
31,170
29,224
76,33
46,118
24,259
86,0
66,40
56,90
36,137
84,69
81,14
10,385
78,60
74,49
40,188
39,153
83,52
57,113
70,64
62,77
74,50
86,55
17,317
81,27
10,403
29,252
59,69
64,92
78,107
83,33
43,138
65,16
43,154
32,150
23,245
15,313
81,17
68,114
73,44
18,319
29,173
77,32
45,98
84,0
83,24
58,123
63,89
83,49
15,350
34,233
36,133
82,0
80,27
54,164
15,318
68,74
20,266
60,97
69,68
47,124
38,159
74,59
58,57
81,32
79,41
54,88
74,122
12,357
1,492
75,31
68,41
18,285
21,237
42,104
1,450
77,102
62,34
45,152
82,56
60,111
3,517
45,152
86,39
6,391
65,77
20,304
57,117
57,40
9,417
15,316
55,143
64,100
16,371
13,332
65,100
4,445
19,294
73,9
45,156
64,6
29,196
81,46
55,123
61,96
81,55
9,350
26,234
24,265
77,30
9,353
10,377
40,85
42,112
54,113
79,108
51,130
56,79
66,0
35,197
54,116
54,52
61,62
52,90
77,151
58,36
37,200
5,439
35,214
31,150
23,262
89,62
57,90
59,56
38,164
30,162
76,54
77,52
21,292
84,37
60,85
29,259
29,162
81,64
88,37
59,50
59,85
57,160
33,193
73,99
85,60
70,43
18,296
74,68
81,45
88,82
35,166
84,55
78,44
58,124
4,430
45,115
60,95
60,97
79,71
35,159
61,60
42,193
5,457
48,75
87,3
83,15
3,491
22,261
15,292
72,71
80,85
44,163
38,181
30,151
67,53
89,53
79,13
17,338
72,44
76,45
58,134
78,23
7,399
52,57
25,265
82,135
74,8
30,135
40,173
21,242
66,62
35,212
81,28
4,427
62,20
41,193
49,107
42,109
88,23
31,134
73,2
34,169
41,142
41,171
85,61
62,75
69,83
49,106
74,21
32,217
5,364
8,379
5,397
2,503
63,82
36,111
32,208
22,260
77,23
70,42
63,94
28,243
45,119
32,207
41,120
31,249
62,140
52,62
22,301
51,149
69,83
20,195
57,126
13,343
54,110
3,448
74,40
83,18
17,300
29,198
67,105
38,194
15,313
37,145
41,164
49,159
61,26
72,35
82,17
51,184
46,139
29,222
4,440
41,132
7,376
37,183
63,115
43,128
76,33
19,192
75,39
37,142
77,31
77,47
81,31
10,375
42,160
12,300
39,155
64,48
17,265
86,45
81,29
53,113
46,120
6,449
89,19
57,104
69,59
34,165
1,501
35,182
62,37
88,28
32,220
79,69
6,453
86,0
53,105
87,52
76,15
65,74
24,275
30,180
61,78
80,0
50,73
38,196
89,10
11,381
68,106
64,59
47,96
25,284
12,347
60,98
66,56
38,175
7,442
10,338
22,278
57,119
70,29
57,90
65,50
22,197
79,41
72,78
42,139
28,207
75,65
57,92
31,213
48,116
74,29
75,68
11,356
26,259
50,133
89,5
8,442
29,207
64,39
64,56
7,400
67,95
34,116
8,348
51,80
35,222
29,239
17,276
88,15
81,71
65,78
37,158
66,51
1,471
5,422
19,334
40,203
52,132
4,441
53,173
87,87
78,50
82,3
4,490
16,337
58,53
16,338
11,437
80,71
39,141
30,229
69,77
57,62
10,421
50,104
73,22
16,310
84,47
77,71
63,74
84,26
58,100
80,37
82,0
36,117
40,143
71,56
48,132
3,405
25,224
22,254
66,78
75,96
81,51
33,145
13,370
71,98
64,43
58,100
62,149
78,88
69,47
43,196
6,415
33,203
1,568
48,130
45,172
39,160
10,342
79,7
62,12
14,328
5,444
1,452
38,156
79,62
69,39
27,221
88,37
78,0
7,353
32,230
47,113
12,345
49,112
21,223
88,47
50,125
7,354
76,65
57,84
63,74
21,280
68,75
47,133
20,263
13,349
43,142
29,233
14,303
5,443
42,144
59,79
10,428
37,183
28,199
13,333
64,52
39,155
25,249
52,158
55,103
57,87
46,124
79,66
78,29
78,21
73,46
57,101
42,210
66,23
17,291
41,158
8,441
46,132
37,117
48,83
52,108
88,19
28,247
24,231
76,34
68,67
39,168
64,74
5,418
42,100
73,6
25,229
71,25
45,139
35,155
22,254
5,452
60,84
66,82
20,284
15,301
85,19
2,516
40,171
41,133
2,459
82,81
46,132
5,429
86,0
84,19
45,158
23,259
63,101
74,63
40,156
45,134
72,73
22,299
23,246
12,333
43,171
18,304
77,2
15,358
3,514
7,459
79,52
24,214
15,285
23,272
39,155
48,104
79,41
47,111
29,190
54,98
10,364
61,101
50,179
9,333
88,0
40,153
23,242
86,28
10,413
25,210
63,107
62,126
5,445
67,51
22,278
36,201
59,117
57,105
55,20
18,309
27,257
42,172
61,87
88,38
67,70
61,90
12,371
34,154
20,306
43,119
84,10
38,137
1,477
64,77
7,517
35,174
57,115
7,438
50,70
12,375
22,318
2,430
32,219
28,208
82,43
58,114
63,66
50,98
40,127
31,240
89,58
84,0
82,103
71,97
48,65
31,219
32,128
25,236
54,92
9,400
61,123
73,60
51,122
30,212
49,79
89,18
18,346
64,54
38,186
15,284
62,54
3,460
44,140
23,222
67,3
38,201
52,80
79,53
60,71
84,20
29,193
38,180
1,501
70,109
27,197
2,460
7,391
37,215
60,50
19,347
45,119
11,364
16,300
8,434
88,0
29,229
87,12
79,9
4,455
68,78
58,93
15,370
47,163
2,448
11,393
6,397
88,47
67,36
75,57
75,26
56,144
21,229
50,128
83,0
2,443
38,198
22,279
55,66
86,43
54,94
13,305
41,152
56,29
42,127
73,116
58,67
17,291
3,480
2,479
82,0
21,233
64,80
18,247
85,86
69,67
64,68
56,125
7,418
88,54
82,0
6,432
20,281
83,30
73,18
43,159
5,385
55,128
60,80
49,112
62,63
74,28
76,25
10,323
31,203
76,18
20,276
75,16
36,169
73,61
78,36
6,489
74,16
4,436
84,7
67,67
52,72
16,316
52,104
71,106
6,460
43,171
31,203
48,122
39,157
27,188
1,511
12,394
50,123
45,84
33,176
68,39
41,137
19,284
41,183
26,176
84,4
82,8
77,16
38,158
70,80
80,43
14,303
65,88
80,94
89,23
7,438
35,185
88,58
56,141
9,391
47,117
78,39
29,251
43,91
55,93
25,255
13,360
77,0
3,457
62,60
11,397
8,394
7,410
7,384
63,66
29,246
51,167
44,156
21,264
2,449
46,131
27,219
5,409
81,23
64,137
85,80
61,115
74,55
56,99
21,312
2,465
47,86
54,70
86,52
84,98
26,295
52,140
8,406
38,209
73,63
19,308
26,323
28,195
41,129
85,7
2,488
5,455
62,65
87,52
45,144
31,226
23,235
51,108
75,63
62,62
10,350
76,80
20,260
35,188
77,0
52,119
15,322
30,186
42,186
56,100
7,390
40,139
57,69
40,139
49,102
43,110
37,158
54,96
82,17
79,91
78,30
1,488
48,166
39,151
11,329
27,224
24,264
61,43
59,71
57,89
10,374
60,60
36,127
71,42
49,120
35,205
77,0
20,270
37,214
18,374
71,0
56,109
3,443
69,44
84,64
75,41
26,280
44,135
56,110
19,277
18,351
68,23
89,37
43,113
7,368
65,52
89,26
16,296
79,53
49,49
1,520
82,102
8,387
18,314
18,297
26,168
36,142
46,84
6,407
36,232
41,120
74,38
55,104
3,444
63,97
48,147
17,319
56,47
87,22
28,206
1,456
24,253
43,167
64,83
44,104
54,116
85,61
33,199
43,161
49,119
73,112
27,213
79,3
80,14
30,253
14,358
39,139
22,276
28,199
18,251
53,121
53,124
21,279
44,106
74,25
45,136
2,458
61,85
6,493
29,258
17,319
13,362
87,42
78,67
11,320
87,47
75,46
59,94
40,165
30,168
40,113
2,460
24,243
19,263
35,261
38,194
77,13
16,308
52,101
42,157
6,388
57,86
1,437
81,30
49,92
35,169
36,216
33,209
42,126
26,222
27,199
78,69
72,22
72,86
32,231
56,77
24,234
85,52
37,127
80,35
60,91
19,244
85,16
36,169
29,170
28,271
85,15
58,111
25,236
41,133
15,344
7,444
9,421
29,255
9,432
31,139
12,393
58,70
41,168
79,43
11,351
80,68
3,462
59,63
24,283
1,487
7,405
33,219
5,423
61,56
63,37
39,183
84,13
61,149
56,136
10,391
31,140
85,25
46,120
24,205
69,77
68,50
31,255
53,74
89,94
31,164
76,25
88,68
34,210
87,29
86,31
22,239
73,41
41,178
81,81
48,155
50,140
24,269
2,492
65,20
21,229
31,174
56,71
44,214
57,167
57,87
2,425
78,0
19,302
3,481
2,492
2,484
11,327
26,237
81,91
57,25
63,37
76,37
49,147
53,72
65,120
40,163
28,191
62,80
7,417
71,62
37,192
78,63
51,35
43,153
78,34
29,218
64,84
6,391
76,29
51,113
6,408
88,60
4,490
85,64
14,356
85,16
87,55
43,196
39,125
38,121
54,114
19,363
19,238
11,335
54,65
14,323
56,164
45,147
12,336
45,133
58,88
65,122
24,180
76,42
75,32
51,116
26,245
37,169
48,109
76,90
34,176
81,47
84,41
29,244
26,202
76,48
61,18
76,54
29,243
24,282
8,411
8,414
37,181
6,456
88,103
59,81
77,18
72,29
3,423
51,131
8,465
49,137
38,140
56,118
46,119
20,317
61,78
26,240
76,3
55,92
44,72
48,115
14,307
66,124
56,120
38,151
83,42
48,160
26,169
11,367
19,252
22,298
85,25
33,189
32,212
18,333
69,81
76,115
11,340
20,280
39,156
56,39
74,37
51,113
72,0
19,247
88,37
39,133
56,92
65,131
82,28
48,111
7,377
28,270
61,67
43,163
54,88
46,130
89,61
19,255
67,69
12,348
65,50
78,50
66,130
88,63
79,25
89,58
44,155
34,152
79,47
52,103
77,38
25,273
52,64
66,13
34,218
35,151
51,149
56,79
76,33
33,214
35,201
76,42
76,84
44,124
66,96
53,103
29,220
86,45
56,52
61,71
16,292
45,172
74,20
37,175
81,14
79,7
44,161
52,112
31,186
87,26
31,199
45,157
22,216
50,132
71,86
74,93
40,144
66,46
27,257
34,218
12,312
61,129
75,27
74,90
19,292
24,248
50,83
61,100
76,76
39,148
21,232
22,203
45,156
80,8
19,242
43,112
77,63
35,232
59,76
52,80
76,69
67,26
6,386
87,40
27,271
86,64
47,193
65,54
76,60
62,9
33,185
69,55
13,373
70,57
24,257
45,111
10,407
34,196
49,136
42,143
25,219
46,138
7,392
19,275
27,238
44,194
71,66
51,103
43,170
69,48
61,92
59,139
25,249
53,138
48,112
73,43
71,63
86,34
50,110
8,372
56,79
80,34
5,453
6,437
30,193
8,352
67,78
18,275
36,161
20,244
81,59
52,162
60,57
46,72
24,180
56,133
35,125
63,132
8,362
69,67
4,469
36,174
87,32
1,462
71,76
81,66
7,412
54,96
81,40
35,107
25,250
81,73
33,169
28,244
34,155
40,181
75,7
74,40
33,204
69,45
38,77
23,281
62,67
52,98
45,151
86,44
69,74
89,11
64,133
69,81
7,447
66,51
12,340
46,112
46,104
17,277
79,79
51,96
27,238
56,59
68,41
69,105
83,61
44,132
57,75
76,24
23,263
20,227
65,107
15,361
85,34
10,369
37,180
1,493
25,257
74,32
84,74
58,119
12,375
27,192
36,132
12,353
9,404
79,34
33,172
52,165
69,61
67,50
73,0
38,194
89,81
32,148
79,9
81,108
52,140
49,77
23,261
80,55
82,11
19,319
78,84
78,8
89,50
40,131
45,121
86,28
71,50
75,89
37,192
49,147
83,54
4,435
74,92
54,131
4,392
23,282
30,203
47,125
38,136
49,91
76,89
70,22
82,56
14,307
68,91
13,295
16,280
52,94
23,274
21,240
17,313
54,132
47,127
60,78
38,180
37,141
50,89
37,126
55,144
37,182
64,33
69,44
36,176
81,43
9,394
12,332
15,351
87,6
63,114
21,267
9,339
66,71
74,29
72,74
76,93
60,30
9,400
55,94
39,130
53,133
8,400
23,260
44,155
69,75
78,122
49,157
81,0
86,75
63,69
30,185
69,27
88,80
29,172
33,187
83,75
41,154
74,29
49,108
15,306
85,20
61,111
42,111
89,41
21,294
65,38
87,33
17,291
78,69
34,139
85,86
80,66
83,0
65,52
76,70
28,249
42,119
28,197
54,116
89,20
56,71
28,237
47,129
87,114
78,13
47,74
1,463
54,146
85,51
40,163
86,55
53,78
44,144
62,90
77,81
86,38
43,117
41,133
12,371
49,66
57,82
16,354
52,101
79,99
56,130
29,226
72,61
88,74
15,317
14,290
2,487
24,249
80,63
51,134
85,58
67,58
40,122
49,114
68,25
74,6
59,55
44,124
62,128
1,519
67,59
41,160
71,29
26,241
59,103
44,84
14,344
70,72
48,86
15,369
74,71
11,345
56,94
60,62
63,49
58,73
5,487
25,196
48,113
77,24
45,124
85,66
11,369
55,104
88,29
26,226
8,409
4,454
77,76
39,164
31,185
55,134
46,56
5,433
38,224
54,107
76,78
47,72
70,104
13,394
17,316
25,240
72,34
63,78
37,172
4,430
71,69
58,113
57,108
60,73
60,92
76,35
8,434
76,43
57,109
60,39
89,20
57,54
21,274
32,173
13,365
28,253
20,295
44,107
15,325
78,19
8,360
10,340
57,83
9,368
70,47
8,390
58,138
45,170
7,438
18,276
83,15
16,345
29,175
86,23
86,59
12,338
16,339
76,29
87,24
17,251
73,66
22,182
84,5
3,477
83,61
52,96
68,46
28,190
11,334
7,426
47,69
58,100
20,310
26,218
10,393
81,52
10,405
56,159
22,289
49,46
21,210
82,43
77,6
13,348
65,67
88,80
74,75
35,150
2,491
64,86
44,133
46,110
72,81
2,467
48,143
50,106
37,156
10,420
26,259
9,395
14,367
68,55
57,150
24,278
22,208
59,71
49,93
70,57
76,86
35,150
58,90
29,257
40,128
72,29
2,461
52,38
5,399
45,101
1,418
57,82
61,83
45,114
10,369
30,158
82,103
31,189
44,157
3,488
7,393
84,36
56,120
64,56
59,139
70,44
54,145
87,68
58,105
24,255
53,129
50,113
60,62
18,242
5,415
26,253
2,456
5,370
21,256
47,144
22,220
61,88
59,70
66,78
39,183
28,256
26,280
64,99
72,76
12,304
88,9
62,140
81,46
58,79
39,124
44,155
78,51
54,70
33,170
5,435
62,106
74,35
41,185
26,242
25,233
23,229
85,68
26,260
76,71
84,50
11,337
59,71
81,31
8,354
35,187
32,189
40,157
83,80
72,4
20,270
80,35
83,71
54,62
3,456
20,269
83,23
48,128
10,367
89,7
82,13
28,177
19,284
66,73
39,121
15,348
38,124
52,84
81,57
86,72
79,82
41,166
76,0
65,67
60,48
89,42
3,394
59,68
55,70
27,230
62,79
49,54
59,66
62,94
58,58
32,236
33,241
31,178
38,162
71,117
33,200
28,231
32,161
9,398
61,62
18,315
62,65
16,305
37,143
53,54
89,43
33,168
21,260
58,117
11,324
87,40
64,139
85,9
39,76
11,417
52,116
41,164
13,349
40,116
29,194
84,39
60,14
21,303
66,74
65,85
10,348
69,11
78,116
61,84
10,401
31,213
29,228
77,84
34,139
8,354
43,86
12,339
33,209
80,24
70,67
48,146
75,0
25,244
12,420
22,245
9,371
39,123
11,371
87,76
2,461
52,67
34,211
24,223
50,113
56,144
1,490
30,234
20,300
23,232
39,87
70,110
15,299
87,68
15,333
69,82
71,34
55,62
31,162
37,180
27,193
46,175
44,202
26,219
63,58
50,165
36,133
35,189
67,150
83,52
18,296
30,207
17,325
12,306
33,214
32,155
59,54
43,112
15,313
67,35
50,106
58,93
9,420
39,131
9,403
71,41
58,81
37,175
6,445
3,466
13,337
82,25
2,439
11,420
69,69
81,81
11,365
37,119
38,209
43,105
73,67
3,356
15,345
57,96
43,119
22,289
42,140
79,37
67,83
8,372
53,81
78,53
87,24
70,87
16,338
46,177
82,48
41,148
41,106
68,63
55,31
22,272
62,43
1,420
14,319
7,404
26,191
86,61
11,280
70,130
36,182
78,13
43,110
38,157
87,26
13,320
30,220
16,349
40,117
43,114
19,272
74,79
9,386
6,426
81,54
84,28
88,93
20,300
36,119
51,167
53,66
9,398
88,20
25,313
77,57
33,166
88,58
72,31
59,75
61,140
58,69
41,197
32,175
42,156
73,58
68,58
59,142
44,93
6,411
46,94
77,14
11,335
83,64
62,28
39,168
31,178
63,114
67,58
74,51
80,50
29,200
42,107
30,211
75,54
18,310
66,58
60,47
13,306
29,210
78,22
71,59
68,104
83,2
50,89
4,472
28,153
30,217
25,279
19,304
71,40
52,131
79,46
38,171
16,371
19,318
18,217
83,51
77,32
63,39
17,281
72,80
65,79
13,344
47,198
28,212
82,44
50,57
46,142
57,107
40,184
12,316
58,76
61,66
88,49
60,90
16,307
67,63
17,291
54,101
66,43
24,216
31,201
44,128
4,455
32,148
17,304
12,331
83,75
2,433
15,321
58,103
21,234
52,126
35,171
64,104
71,82
66,22
25,226
28,250
26,247
22,266
28,204
29,239
86,3
6,430
20,266
45,149
17,385
54,158
28,202
84,74
84,34
58,34
32,165
29,201
14,336
41,129
79,73
25,204
58,112
48,97
1,460
58,51
57,84
23,244
51,162
66,64
81,107
18,282
36,174
7,375
1,478
3,389
7,367
4,465
58,164
70,41
38,185
87,16
86,23
83,52
14,291
44,160
57,132
14,326
66,68
73,0
5,428
67,57
68,26
6,447
83,0
30,227
32,183
5,484
27,277
56,121
30,249
37,176
56,150
55,85
6,441
56,103
42,158
82,21
34,166
43,138
68,67
8,411
25,248
40,128
3,433
24,245
76,49
13,260
4,447
70,74
34,202
89,42
26,227
89,27
30,269
31,181
60,79
24,229
50,78
40,168
82,10
2,477
37,191
47,96
81,19
66,113
35,216
87,29
34,204
24,246
51,19
18,356
32,186
3,486
8,451
52,110
21,296
3,438
14,346
34,196
62,44
60,102
68,27
6,423
86,74
39,174
52,118
25,193
53,101
5,377
23,248
89,1
78,103
33,156
57,131
89,76
80,0
34,219
30,212
15,281
85,34
74,36
71,29
8,417
39,138
58,109
88,34
22,254
3,412
50,95
20,208
32,257
30,180
5,378
68,71
28,218
9,377
33,216
68,72
39,160
57,106
16,301
32,144
51,117
60,83
22,283
2,478
8,378
88,45
78,61
28,242
68,122
34,141
5,455
58,48
13,330
66,50
38,141
51,103
17,342
87,0
59,61
79,45
88,29
32,108
2,475
49,82
14,344
71,63
59,106
6,431
36,150
47,139
16,348
29,226
59,68
79,6
7,341
18,254
30,257
54,75
22,277
16,282
35,164
2,436
31,195
28,226
30,174
37,161
49,148
42,181
28,254
2,486
71,123
71,65
53,115
44,102
83,73
54,124
89,62
31,128
39,135
61,110
73,31
38,175
87,32
56,116
12,403
6,387
48,139
14,335
69,48
75,77
72,69
12,336
88,40
64,45
50,145
20,256
48,90
17,340
16,260
57,102
74,74
44,114
16,300
22,250
29,212
26,227
87,21
61,55
75,92
48,143
10,355
35,137
55,156
53,143
25,222
28,272
77,17
51,71
39,203
15,308
2,484
57,75
31,208
16,302
28,243
35,186
73,52
31,209
31,237
46,153
55,139
5,436
43,192
52,87
66,145
45,120
55,93
79,91
9,379
8,363
75,72
3,471
87,46
65,117
80,4
28,239
66,73
60,54
53,166
34,174
9,352
66,85
65,64
29,141
82,35
80,119
34,170
4,421
9,409
70,73
80,39
6,361
73,3
87,15
55,119
47,136
68,51
21,318
89,0
83,41
33,162
63,71
64,13
33,153
18,307
33,223
88,32
14,302
44,121
87,13
86,37
55,88
70,51
40,158
17,320
8,387
22,248
80,37
80,100
23,231
13,315
44,78
40,136
59,78
85,71
57,147
67,62
85,0
15,300
41,174
38,149
24,268
15,310
75,75
61,136
62,75
39,147
60,80
68,51
77,40
12,340
58,70
52,136
79,64
15,316
31,203
4,403
38,180
50,95
23,211
27,264
72,45
42,113
64,21
84,67
12,344
66,116
18,303
4,436
46,115
66,77
23,301
37,135
48,124
64,79
5,416
50,105
59,92
26,235
9,406
52,51
79,69
11,383
47,115
77,13
41,147
29,203
19,275
41,92
5,433
64,23
22,291
41,99
33,189
44,138
24,214
83,28
21,248
83,45
13,313
85,109
45,98
7,393
8,381
64,41
9,364
72,47
74,18
65,124
38,154
41,162
15,366
11,355
61,68
85,33
16,406
52,131
71,75
11,408
30,212
43,143
44,158
32,210
18,277
31,183
27,194
11,351
54,172
72,79
78,69
82,65
33,149
89,54
34,166
23,238
23,233
65,107
87,42
1,482
67,49
76,1
82,37
49,71
34,218
88,119
83,77
60,82
2,480
52,118
86,11
66,97
44,126
6,406
42,135
20,291
24,278
16,378
32,178
66,65
29,200
19,240
74,42
5,460
22,271
83,112
4,419
44,125
84,40
73,67
20,261
60,75
18,336
51,142
58,102
30,232
27,240
55,81
45,151
78,89
25,237
23,253
59,134
70,103
42,160
63,77
10,379
65,88
20,264
3,492
89,34
39,175
47,126
20,331
49,96
32,221
79,56
65,99
39,170
29,237
32,190
65,106
72,49
34,181
41,135
67,75
49,84
25,300
74,53
16,314
60,110
13,360
74,37
46,163
64,99
39,87
70,81
69,0
65,42
54,98
61,113
4,474
58,57
2,455
3,430
52,120
72,61
87,80
56,90
83,32
58,94
67,87
41,158
77,67
55,86
40,155
36,102
52,124
65,9
15,334
82,34
42,153
10,394
48,132
70,100
75,68
21,230
49,203
33,151
62,107
77,40
39,176
10,375
78,39
44,127
81,66
14,322
65,24
86,47
89,66
12,367
35,177
77,5
78,47
27,218
53,45
37,117
79,0
16,324
4,439
75,63
30,250
51,96
82,13
26,253
22,252
17,323
60,98
88,7
15,302
29,183
89,39
10,416
22,268
20,295
78,105
13,358
78,17
33,155
29,185
63,53
31,154
1,482
73,34
12,387
25,282
61,75
51,91
4,413
70,58
30,245
24,266
89,66
30,219
73,56
43,170
76,10
61,43
26,226
59,79
8,409
19,247
33,201
68,39
12,339
72,122
57,90
46,125
69,69
32,184
61,130
69,59
2,483
5,373
54,90
87,73
69,14
60,47
17,335
10,382
6,420
85,48
16,286
40,92
41,118
72,0
83,44
2,477
26,235
6,354
19,319
86,36
39,139
8,365
61,111
1,502
48,91
52,134
76,0
61,86
28,284
78,26
67,4
56,146
57,128
19,280
20,297
56,62
34,226
52,115
51,118
76,40
53,138
75,72
29,248
47,121
6,400
13,353
53,124
76,90
5,432
34,190
28,205
76,55
53,135
22,215
85,21
18,239
76,51
26,241
24,172
11,319
10,375
56,31
79,55
10,387
74,66
59,63
62,118
37,178
58,86
83,20
10,404
81,73
83,65
65,31
79,42
17,287
80,43
4,466
80,112
75,26
89,0
76,53
59,113
72,71
57,74
64,15
60,138
12,291
46,195
87,44
12,288
64,52
28,259
36,125
7,348
10,322
27,251
78,32
58,98
73,22
14,378
29,191
6,412
30,202
19,314
42,171
72,60
1,534
57,121
5,409
58,63
66,50
62,51
35,149
49,111
7,377
71,15
45,121
51,130
80,69
28,290
4,412
10,304
57,108
33,177
1,500
18,303
39,203
27,186
64,81
11,345
24,152
19,309
65,120
61,91
24,276
19,244
32,199
54,101
20,280
60,48
37,209
64,122
1,485
72,72
69,59
24,197
42,103
53,175
86,7
7,370
65,62
21,322
38,124
79,124
15,361
35,137
57,126
55,64
69,39
27,232
60,115
7,404
4,439
59,66
12,354
76,56
3,466
78,77
18,266
57,108
29,214
65,81
53,155
45,126
53,91
39,135
67,50
77,58
13,260
70,12
22,242
26,197
45,162
31,236
47,124
30,208
54,98
23,203
12,313
38,101
3,434
34,215
54,120
86,18
18,279
66,35
28,234
17,351
23,304
53,135
40,114
3,453
38,160
2,426
4,474
36,147
38,236
82,20
80,59
16,259
36,134
18,252
3,497
58,80
7,389
24,299
29,161
31,248
8,387
72,94
66,39
83,70
9,389
68,2
57,19
3,505
11,288
13,349
38,129
60,49
60,128
83,36
11,335
69,60
35,240
71,64
73,36
24,256
66,32
37,184
52,134
68,52
54,98
27,231
6,420
70,90
46,153
75,45
24,222
61,48
47,100
28,181
14,366
10,382
69,37
7,409
28,213
89,55
28,242
85,78
30,171
50,70
35,203
38,138
43,126
22,261
42,152
64,53
80,84
48,135
38,207
48,141
25,259
72,96
18,322
42,190
34,116
71,42
65,39
62,27
58,109
58,147
37,154
68,66
32,203
2,451
56,99
43,193
35,157
69,46
77,34
21,255
75,58
19,251
76,52
6,404
54,109
88,54
77,54
20,291
26,199
45,129
61,84
6,413
77,36
73,52
14,348
67,47
16,313
12,372
51,132
37,138
54,105
71,62
19,290
8,415
48,99
62,108
68,51
87,44
77,44
57,132
89,38
26,251
66,45
40,146
52,121
14,281
76,39
38,139
10,329
76,0
73,65
9,359
48,56
86,59
24,225
22,240
61,116
22,227
61,87
4,459
41,166
76,0
35,202
65,58
24,239
48,144
43,148
29,174
38,202
7,407
84,58
15,285
4,442
68,55
83,11
63,39
54,111
7,402
36,185
56,72
80,27
29,213
81,65
50,113
78,35
1,526
51,85
45,99
22,287
5,486
19,310
17,283
46,152
59,42
33,146
49,141
76,43
18,316
36,184
17,298
38,150
35,168
39,159
17,262
2,490
56,48
30,274
61,113
84,18
27,268
39,130
24,282
33,196
78,90
22,220
71,91
58,31
28,213
78,0
10,357
82,42
33,221
18,274
86,79
52,150
11,334
23,298
50,79
28,156
56,90
65,64
12,330
46,102
38,174
22,209
73,70
62,72
89,0
21,245
62,41
35,198
71,47
45,88
19,301
5,445
31,179
47,142
78,42
65,95
85,0
13,361
36,188
72,111
50,106
54,94
49,118
61,91
89,34
42,160
59,69
17,317
18,317
15,348
5,438
81,55
18,285
5,424
62,117
61,53
78,19
86,50
19,235
72,65
15,307
66,48
68,106
83,43
11,301
66,29
52,135
20,265
77,105
42,111
30,235
51,139
89,0
75,35
69,102
21,305
19,280
64,72
14,294
14,368
45,148
15,276
36,168
27,253
24,239
31,215
35,163
17,302
83,55
15,327
80,38
40,137
47,144
78,97
32,208
41,96
71,29
1,464
62,7
30,241
24,209
83,50
38,152
78,47
76,39
89,0
9,435
69,27
46,104
37,206
8,388
29,216
65,89
73,98
50,118
74,27
18,243
78,60
75,77
37,123
82,32
83,30
43,98
48,192
42,82
78,53
19,269
34,154
48,119
33,219
36,232
46,133
85,29
54,81
60,48
41,192
19,310
48,106
38,171
20,258
47,165
47,139
42,173
12,360
25,237
57,101
25,248
33,202
82,47
43,144
52,102
56,95
56,86
73,40
3,434
60,95
47,126
24,219
55,132
80,42
33,230
2,484
25,172
39,151
3,413
49,101
68,58
36,202
18,304
46,121
35,169
88,4
73,53
85,52
6,438
37,197
86,62
6,413
62,42
36,149
11,344
85,19
38,105
71,39
43,125
21,207
51,96
67,54
59,89
35,170
65,108
55,127
75,47
68,69
52,110
31,163
46,114
24,215
22,250
56,96
2,409
83,56
87,70
81,100
49,70
47,64
57,138
64,61
58,80
55,70
87,8
44,133
69,129
64,70
64,88
69,32
22,254
81,49
37,162
58,73
77,94
63,67
38,154
35,182
70,48
84,67
59,31
50,95
47,155
87,46
75,22
4,421
49,121
78,0
65,79
62,96
46,121
58,101
42,199
17,298
20,241
79,21
19,294
52,96
73,51
65,117
79,36
36,147
39,167
89,61
22,293
40,215
8,445
70,53
61,83
46,109
20,234
74,97
64,35
53,102
22,266
77,90
9,409
49,119
44,114
45,47
73,7
16,303
46,150
85,15
14,333
80,38
75,41
23,250
78,63
71,48
76,57
30,209
19,247
7,447
84,87
87,0
64,72
9,368
47,132
38,219
47,133
24,207
43,82
4,479
6,428
45,134
89,48
77,61
22,254
37,181
9,376
25,236
38,147
72,15
88,59
83,58
78,35
7,400
83,0
71,58
14,285
53,89
89,9
55,90
15,329
55,125
47,135
34,138
43,203
8,404
67,99
3,498
16,308
37,145
9,401
10,399
63,93
65,106
43,170
77,80
85,61
41,100
54,117
54,96
3,387
89,39
7,404
5,405
53,82
8,363
23,246
46,69
30,177
36,205
73,73
66,36
18,296
25,222
77,67
22,294
10,423
44,121
53,103
2,461
6,428
22,259
48,96
62,119
10,343
5,428
76,66
22,236
30,178
59,118
83,70
45,187
87,60
44,105
79,3
17,253
74,14
41,167
19,301
32,172
80,54
9,409
5,471
84,75
74,41
16,327
25,232
25,229
62,93
53,105
31,161
40,103
55,95
78,134
48,111
67,34
5,426
37,173
45,116
8,424
55,115
47,153
10,337
14,347
85,45
36,160
38,164
6,431
2,479
41,199
5,386
77,63
78,38
83,95
41,144
61,115
51,76
65,88
64,64
87,64
3,456
75,62
19,316
20,243
19,276
60,75
23,272
28,274
31,196
44,170
70,73
63,46
13,347
72,77
71,45
60,119
52,115
19,248
7,395
16,311
12,393
22,253
88,99
72,120
43,151
12,400
78,32
14,334
29,171
49,134
25,227
80,88
80,64
74,42
73,38
53,162
55,59
32,156
13,328
43,136
82,2
16,347
23,261
54,189
79,94
64,37
23,271
34,165
82,19
43,119
48,100
34,156
27,201
3,505
62,96
2,458
60,85
28,249
47,124
79,6
88,62
83,42
57,80
37,137
89,128
34,149
18,280
85,50
89,26
76,84
26,230
53,120
78,48
64,133
44,114
48,86
25,237
20,292
9,377
10,383
5,426
59,89
52,99
31,180
68,38
34,163
27,209
16,351
18,260
75,37
47,131
44,159
24,261
44,98
70,92
88,56
57,67
1,469
15,310
29,217
1,539
46,175
83,91
49,114
85,50
49,118
26,224
66,48
1,543
31,195
63,32
80,40
27,226
76,60
49,120
25,212
60,140
81,39
54,122
73,67
39,123
86,32
89,61
5,419
80,45
81,50
12,338
2,486
83,35
67,57
52,141
56,111
69,35
82,25
69,72
48,146
59,60
18,318
45,153
61,93
6,392
74,33
2,478
57,112
47,135
64,61
45,140
15,409
38,113
18,285
34,153
9,377
22,278
37,125
57,107
75,54
88,7
13,338
16,278
41,141
58,113
15,280
10,363
72,103
31,198
50,135
29,201
76,15
78,0
68,52
34,245
33,181
19,265
64,80
74,35
58,89
71,67
75,11
68,106
60,85
31,243
22,238
33,163
83,25
44,110
30,241
34,187
66,93
82,51
60,99
72,56
78,53
78,56
85,53
81,28
58,80
10,383
25,264
38,215
37,152
40,135
62,25
52,124
48,136
47,85
51,110
9,420
60,63
20,278
75,45
29,217
7,447
19,309
34,135
50,141
87,43
84,37
65,115
47,96
11,374
86,20
64,76
16,280
64,59
77,69
30,178
61,59
32,185
54,143
48,72
89,0
22,248
51,58
1,491
81,32
15,298
64,110
3,457
16,350
16,335
50,32
48,106
22,211
67,73
65,92
17,323
29,192
87,71
89,9
46,116
83,36
55,174
26,219
87,25
76,61
35,147
61,96
20,242
69,18
36,168
1,515
6,367
61,81
80,19
33,204
86,49
34,175
67,72
39,215
54,142
62,50
54,71
24,241
12,302
18,287
10,405
26,252
1,487
67,99
65,51
4,506
2,462
14,314
69,31
33,183
71,109
9,417
58,57
1,560
40,153
55,72
20,297
23,274
16,307
75,36
60,93
76,57
51,98
47,163
69,96
32,249
35,179
72,53
65,95
22,258
54,102
48,142
25,212
46,109
63,135
67,100
85,0
12,326
27,271
63,58
17,294
46,104
48,133
16,269
56,77
1,497
44,204
1,475
9,373
24,341
43,78
72,53
1,452
76,23
44,150
16,300
16,334
33,203
65,29
62,32
24,267
28,165
40,125
69,70
12,376
53,99
69,98
49,95
50,128
73,43
8,416
56,84
39,147
78,75
35,186
53,70
66,144
86,0
34,133
52,143
44,166
12,362
74,44
29,200
22,263
14,323
34,159
14,336
72,81
40,145
49,141
15,313
81,31
26,233
51,155
42,158
79,89
17,291
75,63
36,199
8,374
52,59
58,50
22,285
64,133
44,112
65,47
76,124
16,241
2,507
85,54
12,351
66,73
83,48
53,106
27,237
23,197
61,87
2,496
59,54
25,260
4,449
19,260
82,13
23,218
2,431
74,18
62,73
29,227
45,197
13,342
78,0
75,77
16,319
66,85
3,468
82,23
39,172
80,64
9,350
22,265
11,358
16,328
86,110
8,389
71,100
1,449
35,185
46,130
11,362
69,26
10,418
29,229
80,46
39,136
87,49
69,91
48,110
75,53
53,110
87,6
55,48
74,31
56,63
70,65
29,240
35,177
85,16
36,147
29,198
27,264
51,76
55,96
22,245
30,212
48,105
47,122
72,11
7,364
13,331
75,40
85,35
70,60
24,262
65,52
48,93
39,201
63,102
66,80
27,224
29,259
23,249
62,97
78,75
60,131
49,158
63,54
55,94
14,320
71,32
77,41
56,53
14,332
17,218
33,204
28,183
1,450
33,210
24,238
54,87
15,290
79,24
5,467
15,326
65,92
48,73
31,240
70,48
34,144
63,62
70,86
57,114
45,98
63,74
83,27
75,30
25,308
38,148
30,245
8,395
84,33
4,487
67,116
2,464
48,157
39,150
58,89
3,467
38,187
54,152
84,15
78,54
69,18
63,64
15,326
3,444
70,89
86,65
85,88
2,442
69,97
12,294
53,93
15,299
65,91
22,200
25,249
60,28
60,88
15,326
43,129
49,149
68,40
48,130
81,47
30,250
50,63
87,84
74,91
79,58
57,92
62,62
6,408
60,64
9,345
52,126
60,112
53,147
68,62
39,181
69,10
15,315
31,190
46,135
48,91
59,71
83,18
46,153
3,454
53,103
26,205
34,207
38,174
53,103
13,313
66,73
57,109
51,149
14,353
3,443
39,97
7,423
35,138
38,156
79,54
6,410
38,169
85,0
87,37
9,427
46,115
83,66
35,163
15,303
88,16
19,239
44,144
76,46
85,7
59,65
81,0
84,50
21,253
70,52
26,246
49,145
33,222
21,282
47,109
23,213
49,158
27,250
55,69
23,285
19,302
3,434
50,81
42,187
52,86
6,443
35,186
27,161
11,366
78,48
62,116
38,185
34,182
30,242
59,69
5,431
32,199
4,400
33,180
42,104
83,27
57,29
65,24
12,390
62,115
10,368
49,121
82,11
26,174
36,199
56,109
39,133
68,36
84,45
23,253
28,236
1,467
10,348
81,20
41,213
39,144
51,114
22,207
68,48
3,445
23,306
40,188
77,6
58,109
55,82
79,38
51,68
80,41
58,80
55,38
18,311
19,306
48,105
80,62
17,329
44,105
46,78
39,167
82,56
71,107
8,389
87,50
40,136
44,108
29,237
86,60
31,155
49,118
47,105
16,330
51,102
10,369
6,442
30,219
17,265
81,45
72,61
2,444
11,371
10,387
17,256
81,25
82,50
30,214
46,120
33,213
22,261
13,335
59,105
7,464
73,62
39,157
23,231
41,139
69,17
34,179
59,69
80,36
63,95
78,55
29,245
39,194
36,164
63,97
12,358
44,152
85,46
11,345
83,50
82,27
29,259
31,222
76,140
67,62
78,77
57,148
37,173
71,61
80,36
47,97
71,87
50,127
59,118
65,105
84,0
75,58
62,84
64,89
38,131
42,156
35,166
12,331
49,97
34,149
36,189
49,40
36,188
27,223
66,60
38,186
79,26
68,46
35,143
27,183
26,228
85,99
37,150
7,415
27,180
30,204
85,46
22,280
78,11
40,180
4,406
68,137
29,207
79,109
88,82
23,230
75,14
20,278
76,25
40,195
73,107
78,49
38,174
3,458
6,361
73,109
58,53
68,48
18,329
3,407
59,84
11,340
16,321
85,34
87,73
67,99
42,181
64,104
83,69
47,83
66,137
68,43
46,169
5,424
55,126
18,280
25,250
44,123
66,0
54,94
51,161
56,75
76,74
55,59
67,61
23,252
10,361
61,63
44,100
67,93
37,164
57,34
36,107
40,179
42,144
18,272
77,91
1,473
14,333
20,307
81,73
58,110
69,55
85,0
33,194
8,410
43,89
66,57
38,160
49,120
16,300
75,0
53,73
3,489
58,58
63,59
66,8
7,429
26,226
4,413
67,58
69,126
41,155
58,140
54,60
57,86
7,372
49,105
57,84
12,385
62,104
5,445
13,291
55,107
87,0
73,72
74,66
12,362
23,266
6,469
5,440
55,103
69,70
51,78
57,109
70,45
47,175
30,186
9,363
60,93
39,128
25,223
7,423
46,152
49,128
48,97
87,63
29,157
72,27
34,191
22,241
52,101
88,58
24,233
56,83
87,6
53,113
77,69
69,106
82,0
41,114
6,382
85,2
71,94
76,11
18,265
26,226
3,433
64,103
80,53
47,110
18,325
58,111
32,232
45,75
1,484
16,299
18,288
6,425
17,308
9,394
87,29
13,328
68,69
65,42
73,70
65,110
54,140
81,26
84,18
11,365
24,286
65,47
74,56
42,108
41,227
49,120
78,105
39,144
83,75
87,18
33,204
75,44
81,29
52,118
15,318
66,28
85,30
64,28
44,115
82,28
28,220
65,63
50,136
64,102
75,64
48,145
28,191
66,115
40,110
17,265
10,387
85,90
20,276
24,291
60,74
70,49
69,78
52,120
11,425
74,47
30,175
45,132
47,133
25,265
21,260
44,86
51,128
28,199
65,102
57,112
65,59
77,30
7,386
11,367
76,64
48,115
13,344
32,246
41,199
78,27
34,215
77,50
63,52
72,88
82,24
61,61
11,313
83,39
14,305
62,122
11,357
1,486
5,416
74,31
12,320
67,140
56,91
51,89
28,219
67,79
55,63
70,40
50,126
20,257
60,45
38,143
79,17
71,99
6,431
68,0
27,210
34,208
33,204
89,18
17,329
84,25
50,89
65,51
58,126
72,58
50,95
58,61
67,57
43,122
34,152
15,308
67,77
36,267
56,81
41,150
14,301
62,136
58,92
44,148
70,74
56,176
53,128
65,79
85,41
16,312
35,152
74,44
4,477
56,72
85,28
52,96
52,82
86,43
31,196
66,37
53,82
60,77
62,50
46,85
48,87
10,365
20,256
79,59
25,267
30,178
3,430
23,269
73,58
42,175
84,33
27,229
34,208
14,314
82,0
28,281
40,181
36,149
27,206
71,0
35,195
16,298
12,396
17,282
63,35
49,90
4,465
70,4
81,76
21,245
34,188
55,31
2,422
31,216
84,23
29,234
73,36
79,28
87,0
58,86
25,213
32,209
47,171
59,97
83,90
55,86
5,479
40,216
23,240
82,23
70,30
14,291
17,292
24,245
11,343
69,101
37,160
23,289
63,87
49,156
58,48
29,243
56,100
3,449
53,104
52,166
66,92
5,459
1,520
12,346
79,68
45,121
26,224
49,106
20,268
9,331
50,104
25,243
12,334
22,240
59,79
9,417
66,118
6,448
53,182
53,165
67,67
79,36
25,175
65,27
30,162
55,94
55,77
83,39
39,182
68,89
65,53
39,178
31,210
31,203
57,120
4,450
68,86
66,47
58,62
34,205
55,88
22,259
57,99
72,48
31,212
56,98
23,236
7,377
30,228
83,17
85,58
85,20
23,217
1,452
2,466
49,123
82,62
3,433
7,411
35,202
16,324
74,101
46,149
33,164
27,219
7,422
54,151
27,211
63,36
49,135
15,343
10,363
8,403
88,6
85,35
56,122
67,61
45,76
33,145
68,66
31,186
39,137
69,77
74,87
81,0
81,26
62,41
17,290
35,193
74,53
41,118
24,261
80,34
43,135
23,259
19,309
71,51
9,437
60,76
9,312
81,21
72,55
27,245
29,255
87,47
49,121
21,269
88,61
3,480
77,5
66,16
18,297
50,101
36,154
9,397
83,57
77,37
43,108
71,0
75,7
71,66
61,104
78,80
3,431
38,191
58,69
22,252
12,386
13,341
39,149
11,356
74,45
5,450
60,48
15,331
80,0
35,244
78,82
67,80
70,68
48,91
3,486
42,160
20,183
48,132
68,83
12,357
30,171
33,124
73,86
9,340
78,40
18,273
22,274
57,41
63,17
11,401
80,12
62,86
60,89
41,111
2,494
59,135
32,179
70,53
84,37
30,226
10,377
72,46
76,59
18,275
58,91
38,188
49,112
47,106
72,49
36,138
62,52
27,221
84,23
6,421
59,110
33,221
38,143
82,36
42,160
2,498
26,189
3,428
60,96
82,40
73,20
52,88
39,178
83,71
31,208
33,175
71,10
1,508
55,129
75,36
87,73
4,410
33,202
58,77
67,44
36,138
15,314
47,102
75,36
85,46
27,258
85,75
72,0
64,106
50,70
39,173
19,239
25,241
81,80
42,97
81,55
24,240
42,201
3,433
71,68
58,133
45,98
49,134
66,98
60,117
51,100
29,184
70,59
41,173
8,339
29,192
83,9
58,88
14,363
61,91
21,242
81,90
22,306
47,130
21,250
30,184
56,94
65,68
15,280
30,198
41,130
24,262
22,259
67,85
22,267
30,160
83,0
42,135
83,0
46,145
84,34
18,315
85,80
57,51
35,175
29,245
27,225
58,93
66,41
67,58
3,470
10,399
72,32
63,92
24,243
61,91
27,198
76,62
14,353
76,62
81,7
84,79
83,24
67,58
58,95
35,184
47,166
7,342
77,66
53,125
83,45
55,88
69,26
20,283
3,520
71,103
1,488
22,230
81,71
36,183
15,258
78,5
46,196
25,202
74,50
36,194
19,281
49,99
82,73
78,64
43,151
34,150
55,96
78,84
18,293
84,38
45,121
84,64
68,59
88,38
10,328
89,43
68,29
20,289
76,27
88,15
55,80
23,253
59,99
35,222
12,373
5,434
56,116
56,64
12,353
47,182
85,1
61,105
57,98
46,95
14,321
16,342
56,149
79,74
36,180
42,126
81,51
26,230
24,231
9,319
9,357
85,19
36,170
12,330
46,164
83,69
64,43
37,155
47,110
9,383
73,76
58,81
70,47
78,85
55,59
77,96
42,164
16,318
39,123
24,295
2,512
49,85
84,63
77,36
28,220
7,438
33,199
2,512
50,154
62,136
51,76
37,224
34,134
63,105
8,377
36,221
5,462
2,479
50,113
54,128
12,349
51,169
39,141
6,429
71,94
82,10
2,492
40,168
68,72
3,395
75,67
72,14
74,97
19,221
85,88
58,61
47,93
8,376
7,383
2,496
22,242
76,57
50,91
27,244
50,160
47,92
41,139
54,90
2,424
48,92
39,116
11,364
31,219
34,129
64,67
73,57
57,105
62,89
49,143
25,245
45,100
61,77
82,61
29,189
19,300
5,422
74,55
89,17
38,177
47,110
50,101
11,341
13,362
41,167
88,37
2,480
49,119
75,19
66,58
74,76
20,251
71,52
34,197
71,12
61,112
6,456
31,193
34,177
85,13
63,94
62,66
44,125
89,47
50,87
15,279
5,447
71,67
88,0
24,183
53,78
43,193
83,0
26,238
78,43
60,33
33,124
60,58
38,160
47,194
33,256
71,72
83,52
67,69
45,102
77,28
61,45
26,202
40,161
75,28
44,106
46,116
71,24
41,122
38,131
70,41
75,131
16,310
14,354
74,52
7,361
69,83
3,446
78,36
16,312
32,198
5,472
36,165
68,27
39,154
37,198
23,257
25,235
22,213
19,311
63,125
40,159
10,380
33,197
53,108
29,175
47,95
87,39
56,48
32,220
5,392
39,199
58,98
26,196
10,320
22,289
69,56
81,12
14,403
56,110
10,376
74,24
57,112
45,130
72,48
26,255
40,132
71,47
35,203
77,64
6,402
8,458
2,497
62,49
74,36
33,171
18,302
42,172
69,105
5,376
23,255
66,66
76,76
42,166
33,215
47,117
48,164
34,158
25,284
37,197
1,454
82,0
14,320
14,278
66,39
53,89
45,80
54,33
69,67
17,348
23,281
83,0
65,54
17,299
85,74
1,488
20,276
36,177
65,1
84,14
70,74
10,377
45,75
5,415
63,88
52,89
19,281
47,64
60,97
82,54
65,53
14,327
88,9
11,321
34,185
14,298
80,52
24,320
87,35
23,259
19,282
72,0
1,466
77,0
76,70
77,24
40,138
24,232
66,64
63,113
61,33
2,460
43,77
73,76
88,0
24,262
2,476
5,409
13,371
21,299
77,41
46,122
54,61
62,119
59,84
79,96
77,93
58,82
53,54
44,136
3,433
66,64
72,83
71,106
81,30
46,206
32,159
5,415
11,395
33,156
12,383
20,281
84,27
75,92
61,56
54,110
4,493
31,147
8,391
21,319
56,90
1,453
34,241
83,69
43,142
81,49
65,42
78,60
89,91
3,442
8,404
56,124
19,283
62,52
56,78
64,64
31,178
5,449
33,112
19,299
63,54
65,48
16,297
62,24
34,165
81,32
37,187
73,48
68,30
22,258
80,52
50,96
23,286
82,10
54,99
49,129
5,458
84,7
54,113
25,245
62,49
55,119
11,349
53,92
78,59
65,79
28,194
17,247
50,115
32,175
16,309
81,34
14,332
39,113
73,50
82,28
48,122
21,258
46,136
79,0
29,181
59,99
25,221
87,82
28,236
40,157
4,390
51,155
72,38
56,104
29,171
79,73
70,64
3,476
88,63
49,136
79,33
6,408
46,112
10,396
32,195
62,47
30,254
28,224
75,83
65,43
47,147
79,72
83,82
57,58
50,75
18,310
49,97
87,70
13,402
20,264
83,29
54,76
89,31
33,206
29,202
85,94
62,113
45,141
1,483
78,0
43,182
63,68
40,180
25,230
79,0
45,120
7,425
72,14
38,177
13,345
10,329
66,55
18,258
63,78
78,7
37,217
39,152
18,294
19,308
51,88
77,54
36,174
4,419
76,32
39,177
49,105
83,31
24,294
81,92
89,12
30,193
1,526
66,119
13,367
84,64
11,351
42,108
39,141
87,47
78,42
42,80
78,50
26,261
46,199
81,17
42,152
54,78
22,271
54,58
87,0
31,190
87,54
5,395
7,347
77,88
74,45
65,43
30,200
87,2
53,55
80,82
70,54
83,45
60,64
88,69
16,304
4,482
54,80
11,334
72,27
73,73
2,500
9,366
69,68
16,301
33,222
48,107
25,245
31,233
72,54
3,439
33,178
86,37
13,351
34,184
62,106
43,129
73,16
22,247
3,486
18,330
41,175
47,182
65,50
85,82
60,111
15,318
66,1
76,43
71,58
75,15
66,66
59,83
79,55
43,108
33,179
83,13
82,42
38,121
1,474
77,58
5,414
55,91
65,72
71,85
40,151
53,93
89,44
11,375
87,11
76,27
66,72
48,150
82,35
27,246
62,107
37,197
47,87
20,308
57,121
6,432
16,302
75,50
70,67
39,169
64,48
35,147
46,161
28,230
72,56
25,236
3,479
42,143
51,69
73,84
12,405
42,150
53,138
81,0
32,207
13,290
53,94
54,112
63,43
73,40
35,155
20,298
27,213
80,36
1,502
56,117
67,37
85,99
8,432
10,422
28,208
20,294
14,333
41,191
16,273
22,316
17,315
65,73
76,33
77,74
63,84
61,96
87,70
1,497
62,117
45,81
46,158
35,142
44,134
76,0
3,457
67,93
29,186
36,216
2,422
58,67
61,27
31,191
43,93
74,24
35,227
54,30
63,40
79,0
13,364
22,279
10,327
43,152
83,65
10,378
72,0
57,57
37,161
31,168
28,166
88,64
69,64
87,70
24,289
38,137
74,0
21,278
10,332
58,89
43,152
21,259
20,299
45,146
5,408
67,30
23,242
22,268
85,37
71,57
19,314
38,129
7,413
30,191
59,102
35,200
72,55
45,209
49,110
25,213
12,410
50,110
35,143
79,42
33,154
64,91
50,113
58,110
68,61
84,33
61,81
11,297
37,194
20,241
44,186
11,363
39,134
26,257
36,171
21,249
8,401
71,106
11,346
30,211
22,281
25,233
31,191
11,321
49,142
21,239
55,114
7,420
74,46
78,65
66,102
61,145
45,112
6,379
65,81
37,161
2,459
85,16
30,206
31,149
17,321
26,227
53,77
39,191
53,142
45,101
1,447
63,71
41,150
88,30
85,43
71,37
16,283
67,97
63,118
58,56
31,162
61,84
20,250
25,282
3,425
22,257
2,430
46,108
53,97
19,218
74,33
4,438
28,196
3,459
65,66
79,121
13,349
2,447
29,178
33,215
50,77
29,231
63,121
8,415
82,71
21,279
77,65
39,118
65,126
80,103
66,38
86,44
85,66
42,163
69,114
1,509
31,211
2,472
69,69
12,378
3,479
55,90
40,155
28,214
21,255
61,31
27,208
17,318
29,217
48,147
68,83
3,514
87,20
2,466
82,0
13,321
14,337
13,358
86,33
18,267
49,173
2,451
5,372
28,163
45,170
63,96
89,51
45,112
24,180
21,226
79,0
76,50
32,229
19,251
12,352
83,67
30,158
34,197
19,290
9,367
78,93
62,100
42,165
51,103
6,453
15,261
39,146
68,53
33,170
54,78
8,419
37,148
2,469
30,283
20,276
72,44
54,79
68,59
50,105
48,176
89,39
47,109
35,244
79,28
65,26
43,123
32,139
85,50
56,92
18,302
28,201
18,297
72,105
28,239
89,64
2,490
40,197
39,161
38,162
44,133
49,93
43,132
80,88
1,465
77,48
38,188
3,455
51,104
35,188
70,86
34,137
28,245
22,264
9,337
83,57
4,475
45,128
46,139
37,175
2,507
32,214
6,409
81,2
35,149
44,157
4,467
34,147
3,434
11,349
49,157
10,354
72,23
49,159
31,195
39,149
81,29
14,307
52,116
69,56
16,282
51,84
25,263
9,412
59,75
56,94
24,257
27,221
51,99
69,64
30,233
56,78
30,196
9,424
6,433
54,133
59,90
54,127
8,468
20,289
17,265
17,275
15,323
33,184
44,157
87,0
37,133
42,141
60,81
62,43
5,487
26,244
77,41
88,61
53,82
75,119
11,339
67,57
75,107
59,65
24,240
87,31
12,306
49,127
82,69
84,59
17,302
73,0
19,297
15,298
10,339
46,132
30,189
10,348
34,218
34,175
64,61
45,152
76,48
22,275
28,156
43,75
16,280
54,93
47,157
2,425
15,278
73,87
57,62
68,33
74,83
22,172
67,79
53,135
72,55
25,229
57,114
13,347
38,93
78,0
49,130
65,38
16,317
64,88
81,50
25,205
56,91
79,17
48,114
75,44
13,319
50,131
3,507
28,222
37,137
60,57
43,112
79,50
23,226
70,74
22,255
52,89
82,75
70,43
3,432
45,90
12,435
56,109
51,146
36,165
35,163
82,33
77,34
55,91
85,36
54,142
41,160
11,380
33,229
45,82
27,210
83,74
75,28
57,46
33,149
57,119
71,100
23,246
66,80
37,163
40,157
1,459
81,0
58,71
70,91
62,117
86,16
30,187
36,184
36,229
75,85
65,107
46,86
39,204
16,292
81,26
84,68
39,178
33,204
10,395
39,151
6,451
62,113
35,220
5,461
13,293
17,291
58,81
23,257
80,61
75,49
62,95
41,151
71,26
43,88
69,31
34,139
69,6
37,189
9,428
3,441
48,134
80,95
25,254
39,127
25,233
19,245
57,63
23,229
64,4
71,60
55,43
10,368
64,84
49,130
48,124
82,56
14,372
30,242
64,65
60,60
18,350
10,366
60,70
67,100
4,461
34,216
72,66
53,141
40,136
2,450
63,42
34,241
69,33
54,84
71,70
56,111
64,116
77,26
83,0
10,386
30,273
13,344
16,303
18,342
69,74
24,216
18,243
39,85
11,331
72,70
34,187
24,192
81,52
20,265
75,128
89,18
60,20
30,247
51,128
1,528
7,394
69,128
6,429
19,262
34,195
23,221
52,86
9,340
36,156
79,72
33,175
12,366
27,241
11,371
42,124
61,54
64,66
50,157
6,455
27,244
35,147
42,140
72,97
5,431
69,92
9,354
46,94
79,18
83,0
11,334
65,68
80,45
43,113
38,148
62,29
58,120
67,57
38,157
80,0
54,121
41,154
10,362
78,22
15,332
59,55
80,79
44,175
76,22
29,222
59,57
87,0
77,31
53,93
1,450
11,367
77,59
58,135
73,74
24,280
62,71
67,82
29,221
5,405
45,135
53,122
23,255
17,304
16,284
26,289
12,329
13,327
7,447
27,268
45,122
54,97
41,178
42,174
35,186
1,505
11,367
32,122
2,497
42,102
1,454
26,222
85,22
45,111
46,188
55,130
18,303
53,133
23,302
44,106
67,54
51,121
63,77
82,31
28,247
36,163
4,405
23,293
58,134
75,113
32,250
18,283
86,27
73,0
13,310
20,285
49,69
62,95
56,106
22,236
30,221
73,76
52,73
63,61
48,126
42,113
25,149
3,463
5,404
30,154
33,154
87,0
42,131
32,240
86,68
31,206
27,208
77,57
61,103
15,354
60,60
88,0
28,273
67,106
6,418
37,149
6,400
66,49
41,97
35,166
1,480
23,216
42,143
60,113
39,138
80,79
29,220
16,318
75,24
9,425
83,52
39,169
79,76
6,390
53,127
39,142
68,51
49,117
69,48
72,39
61,60
66,64
84,0
83,19
71,72
32,161
42,154
24,293
30,253
44,83
72,65
55,65
37,130
18,293
69,95
10,399
35,127
28,225
13,329
61,32
57,111
44,89
77,49
87,62
42,145
65,66
21,281
12,361
73,83
71,66
70,88
50,137
21,295
59,25
26,212
20,302
52,121
66,74
78,66
72,83
87,34
89,0
37,228
20,267
22,264
58,26
43,158
12,323
15,308
43,133
43,178
26,284
48,129
8,412
60,92
1,471
65,21
38,202
1,497
9,390
63,112
42,110
79,22
41,150
30,223
77,65
46,153
47,159
68,47
12,430
39,136
47,134
85,39
85,34
63,136
27,266
38,167
37,170
65,6
74,35
19,276
8,380
66,77
13,331
57,99
68,68
56,113
57,100
74,108
70,60
17,337
63,39
20,254
57,51
23,307
89,37
57,41
58,58
73,68
6,403
6,397
5,392
3,494
37,208
44,167
42,185
49,124
26,220
82,0
82,18
30,201
49,131
17,292
83,40
78,13
89,80
16,309
25,224
22,218
32,238
12,289
27,231
43,119
15,318
31,195
19,298
89,35
31,208
2,460
31,189
78,74
16,318
31,225
7,382
60,79
25,215
22,255
12,321
71,38
5,454
25,207
35,181
44,171
82,16
83,68
77,26
62,70
6,448
50,79
41,225
70,59
2,537
8,444
29,220
66,28
73,77
12,317
35,175
13,338
55,93
26,225
28,199
39,133
22,242
45,162
27,182
87,17
76,111
62,72
62,98
24,220
43,100
85,52
87,26
65,104
16,292
84,40
64,118
8,417
78,47
2,480
68,91
76,46
27,173
5,380
33,186
61,73
18,321
5,471
45,148
25,256
11,407
14,272
18,247
85,6
12,310
26,225
19,290
86,46
65,86
27,231
66,65
49,99
56,51
40,148
9,398
71,93
5,406
67,136
61,107
80,66
54,106
47,41
78,60
75,45
12,387
46,125
59,121
76,31
10,360
78,37
45,144
13,367
25,232
39,181
10,378
78,4
16,336
79,6
9,323
34,163
2,437
10,382
16,326
3,478
63,71
48,100
33,167
44,131
79,54
79,78
56,46
54,123
79,55
70,124
2,478
46,172
23,252
66,79
61,87
65,72
81,51
53,133
35,212
86,50
6,443
41,132
42,175
87,38
15,352
37,191
24,217
75,47
60,90
2,425
38,115
38,170
67,46
73,32
48,151
55,156
35,180
17,331
86,78
74,6
3,468
9,422
75,85
77,62
52,91
62,111
43,141
6,422
68,12
4,468
71,38
21,266
62,75
1,510
59,52
69,51
49,107
25,199
29,251
73,57
35,129
49,48
67,80
15,313
22,275
10,382
64,53
80,3
80,79
4,444
86,0
31,252
64,76
68,22
25,208
79,62
43,97
35,148
46,108
26,229
20,288
85,39
78,0
2,503
73,60
27,180
1,516
24,247
6,442
84,33
55,61
28,192
83,46
33,171
63,57
1,416
74,16
60,61
13,355
3,470
31,209
6,441
81,60
27,187
17,293
79,47
63,99
23,219
72,41
68,78
21,261
22,308
56,64
11,388
26,226
35,162
59,109
38,228
11,280
31,179
66,25
24,248
33,172
23,270
38,111
55,61
36,154
7,373
47,56
34,174
2,484
6,411
8,441
17,298
67,83
5,432
60,93
66,81
13,367
43,123
67,62
60,80
76,47
25,211
37,65
48,79
14,349
9,393
28,221
31,209
2,479
17,359
63,76
14,364
70,85
51,95
65,43
73,46
88,33
24,230
47,119
76,26
48,108
54,100
75,49
36,177
26,215
87,20
58,91
26,253
52,103
61,87
60,90
24,241
23,271
30,205
56,132
28,197
55,101
60,76
86,27
27,203
66,90
75,62
23,299
4,443
73,79
50,95
85,35
50,79
30,211
66,94
85,83
79,43
71,63
82,73
66,113
88,23
69,95
18,304
83,51
24,292
49,61
81,23
4,431
37,182
58,59
18,309
27,203
41,164
40,148
34,235
66,37
17,321
34,190
4,435
5,443
76,34
45,133
82,25
37,170
32,202
52,101
81,62
37,156
21,274
56,58
38,147
87,33
50,156
69,70
39,158
77,77
23,225
23,265
50,125
82,25
49,131
60,42
72,72
40,203
16,333
35,177
58,71
5,483
24,175
57,74
83,37
82,25
64,61
70,96
33,173
89,48
47,119
18,275
42,183
9,370
31,234
44,163
58,60
50,110
6,484
52,90
51,128
26,251
40,136
49,136
13,296
88,62
50,115
80,0
34,171
32,147
55,69
7,394
51,128
65,37
78,36
3,421
72,32
3,501
72,66
70,20
31,232
40,183
83,33
13,363
38,209
2,473
40,124
32,216
17,281
10,350
75,26
27,242
60,113
5,421
20,311
76,39
81,40
17,272
34,165
42,173
70,45
80,21
26,201
8,338
38,131
9,338
30,183
46,119
59,77
46,132
85,52
84,9
78,87
1,506
88,60
27,222
82,66
39,212
27,252
58,108
81,0
67,86
85,48
59,69
4,424
14,351
43,183
16,305
60,68
45,102
83,0
19,280
38,181
23,266
77,20
58,103
51,102
12,307
8,336
46,132
26,278
9,326
40,161
28,213
35,169
14,345
15,296
52,128
19,309
8,422
27,244
30,179
46,117
24,215
36,157
3,445
37,186
46,124
40,99
65,81
67,58
52,131
81,59
43,119
18,298
36,216
40,97
60,101
61,55
7,368
58,85
75,48
28,216
26,228
44,104
78,72
25,223
87,94
79,64
29,237
61,86
44,190
11,383
83,81
35,196
19,289
13,336
89,43
39,152
74,83
8,402
71,83
88,52
37,155
30,183
18,320
74,75
5,417
36,109
9,401
33,223
32,164
74,67
18,328
81,24
10,313
53,141
2,424
78,53
85,56
54,91
69,128
55,99
46,141
53,91
11,370
77,63
29,202
11,332
59,44
8,372
52,155
46,74
6,466
66,124
29,209
35,221
32,191
86,26
47,102
4,433
34,196
34,179
48,105
69,28
35,131
39,117
49,93
79,151
11,393
19,324
11,362
31,166
2,421
25,250
31,193
37,160
9,358
10,362
60,31
1,462
51,99
61,113
21,252
52,144
54,96
22,224
63,66
65,93
57,108
3,432
16,359
72,77
24,287
53,111
52,145
4,433
60,106
45,108
64,118
7,338
65,121
76,0
69,0
33,150
89,39
56,103
89,52
26,209
21,263
64,62
30,201
30,214
88,32
44,139
59,45
82,73
19,302
56,100
19,258
61,58
9,375
3,491
63,46
51,69
82,17
36,192
59,94
49,136
24,221
72,58
57,115
86,16
23,301
72,81
83,32
46,171
63,62
74,16
55,96
20,260
5,434
84,74
47,120
66,53
80,46
55,123
59,56
31,144
81,25
22,244
16,306
11,346
11,343
54,68
49,88
1,521
46,111
62,28
68,45
84,71
6,403
77,47
21,273
31,192
48,91
41,135
46,113
76,50
50,178
23,231
36,219
32,159
39,135
88,5
55,72
42,179
72,57
32,140
88,10
5,360
76,46
1,482
79,36
34,217
34,150
8,400
47,98
57,123
79,0
2,453
25,295
63,59
62,35
14,336
25,279
2,483
52,113
81,12
72,73
8,374
45,106
60,33
88,21
14,286
73,34
81,36
3,492
11,307
23,250
41,159
19,259
72,36
53,145
72,25
82,93
86,52
44,185
7,425
53,41
20,292
9,350
64,75
40,177
43,143
67,65
27,232
31,264
55,130
56,26
46,166
1,485
76,56
64,81
75,83
7,357
44,125
41,164
77,72
45,190
47,129
29,209
7,369
36,149
37,140
76,55
2,448
3,432
87,29
28,201
22,178
12,337
82,36
37,148
19,261
36,223
41,124
88,23
33,224
89,17
2,462
6,339
1,467
21,279
53,150
82,23
77,24
13,338
19,279
34,177
15,337
6,461
86,51
55,116
67,96
58,131
34,194
38,138
46,156
60,143
23,234
54,110
1,502
3,468
47,139
6,391
6,445
26,269
89,13
73,27
15,316
22,268
17,300
7,407
81,35
6,429
79,0
5,406
59,77
69,79
25,268
19,322
2,442
22,212
8,353
29,172
77,8
8,365
53,93
59,140
75,6
25,238
82,18
17,263
34,230
52,89
79,43
64,96
86,24
45,83
81,84
73,33
67,80
11,347
82,41
63,87
28,228
64,83
61,63
79,11
14,286
29,213
34,186
28,206
62,75
76,39
2,526
13,306
38,123
53,107
60,78
57,64
2,444
44,130
11,350
4,399
2,477
21,272
30,252
82,52
76,69
29,226
8,425
67,35
19,281
36,163
42,157
71,44
70,114
15,332
64,96
43,115
44,129
89,21
32,183
65,100
37,172
51,69
87,0
19,327
27,178
74,36
38,200
46,109
42,128
48,111
8,388
58,70
75,36
75,87
39,164
60,54
78,107
29,253
72,75
82,43
80,33
84,68
12,421
77,117
52,81
30,242
18,269
30,246
30,196
34,193
58,62
76,3
48,129
16,306
59,37
50,129
25,213
53,38
24,219
83,94
85,61
41,161
24,267
38,138
53,52
4,429
67,79
51,111
59,76
57,99
27,245
58,70
36,185
11,402
48,160
75,27
10,404
86,21
48,129
8,432
89,0
56,51
72,40
89,14
52,69
88,34
45,113
18,298
89,17
36,228
89,25
12,363
70,108
51,75
1,478
88,0
46,83
23,201
4,408
3,500
40,119
38,171
51,138
57,81
5,475
19,275
72,67
67,73
45,77
23,278
32,214
6,378
82,24
50,150
54,85
20,325
18,340
16,286
81,43
46,82
21,245
28,163
69,18
2,465
63,82
29,209
20,238
40,194
7,415
5,413
49,99
73,65
55,164
11,390
4,441
22,261
29,250
9,414
61,92
46,90
17,303
43,168
5,448
76,51
35,170
72,83
79,43
20,237
46,91
76,15
68,49
65,128
1,484
26,253
40,137
7,369
16,341
55,47
66,52
29,173
18,254
69,101
17,285
22,271
30,219
76,60
32,179
46,65
26,186
39,140
86,47
22,210
31,123
69,95
12,352
84,42
16,317
84,37
12,382
58,68
45,118
36,204
63,27
30,219
30,254
51,103
4,405
80,6
8,411
79,25
41,181
39,137
56,86
14,294
58,108
64,74
10,401
80,0
73,27
44,131
26,224
19,312
56,79
82,49
49,107
54,109
79,27
82,39
12,394
39,181
84,72
52,71
38,186
38,208
53,72
73,50
36,152
69,67
84,48
1,478
85,38
25,233
29,276
14,315
78,134
89,49
59,89
13,389
35,197
88,52
52,75
30,189
35,148
12,303
13,342
36,206
30,199
20,268
48,103
12,299
69,62
19,276
22,302
68,18
11,302
24,220
13,342
80,104
20,266
65,38
17,303
23,271
3,424
50,88
66,98
71,40
55,58
4,453
89,24
55,86
66,88
39,174
52,78
63,39
6,430
12,358
9,357
13,312
44,169
13,323
89,20
54,136
7,379
52,76
55,114
41,198
45,179
15,318
51,144
83,13
34,153
39,160
49,122
52,116
5,425
22,267
51,95
86,19
34,185
85,40
41,135
29,229
87,82
19,307
4,455
54,71
27,216
77,78
59,77
35,174
88,48
53,138
21,250
13,367
37,181
3,439
6,347
17,255
78,54
53,117
73,112
35,191
73,44
46,60
68,84
73,35
57,107
25,196
65,92
9,435
42,163
38,152
30,201
64,118
23,266
54,120
40,120
26,184
27,238
58,50
39,113
26,183
2,526
9,360
89,15
32,214
21,254
89,0
84,110
27,250
68,84
65,49
67,81
51,81
43,122
81,52
54,75
33,225
1,504
13,352
12,310
63,95
3,442
76,63
73,42
34,152
89,65
34,154
61,69
50,51
12,391
37,164
76,80
31,195
28,160
58,124
55,100
75,28
49,177
2,453
73,31
21,195
59,93
53,105
70,58
64,133
8,377
6,445
17,261
86,64
15,272
53,102
22,265
21,230
48,113
49,92
67,75
84,55
36,183
30,181
9,401
2,451
52,93
34,248
61,73
36,122
1,534
28,213
40,107
80,0
11,329
63,90
68,83
36,136
10,406
50,116
22,249
1,458
52,110
12,312
76,56
56,78
88,99
45,103
35,168
12,347
47,167
38,148
67,6
16,329
1,419
59,129
6,437
67,30
36,173
55,114
59,53
76,96
40,198
40,129
6,429
72,75
36,110
31,168
49,119
59,64
70,84
85,14
39,138
65,80
89,54
89,0
23,250
20,308
80,69
31,206
24,253
33,168
8,393
46,131
17,344
45,148
73,70
23,226
12,351
52,86
64,63
13,356
17,318
87,26
60,76
47,110
27,220
63,78
15,310
61,82
29,250
30,186
47,139
42,169
22,278
47,97
61,103
38,173
44,169
57,112
36,167
49,146
79,9
70,46
70,71
6,367
60,92
43,127
35,161
39,123
68,69
16,305
22,242
82,76
59,113
45,124
5,452
73,19
11,345
36,94
71,65
55,71
42,137
45,164
59,61
33,221
76,24
71,66
33,183
13,364
85,38
74,23
55,146
43,195
83,5
18,313
72,53
77,28
79,8
15,346
54,123
11,380
82,64
6,374
87,36
60,66
74,79
77,26
33,247
89,45
70,103
57,51
1,471
69,0
26,209
48,151
41,156
29,256
62,113
43,180
48,100
77,4
58,62
88,0
64,45
11,302
50,98
77,73
65,144
66,72
50,140
50,169
57,120
38,172
23,226
55,89
86,74
61,89
51,92
12,307
71,57
23,227
39,189
63,37
71,106
8,368
25,252
21,247
62,66
68,0
78,69
19,259
54,117
6,408
68,56
33,111
68,134
68,40
80,90
79,103
36,154
4,419
63,77
7,405
83,0
6,383
35,208
60,70
17,321
7,413
36,179
40,136
59,120
80,38
87,22
19,272
27,196
7,431
71,12
26,227
23,266
34,242
51,163
62,89
3,453
43,110
83,4
71,34
27,242
13,322
55,135
36,170
14,312
22,204
17,267
87,0
65,42
13,350
78,47
32,174
38,196
25,226
54,128
23,288
7,377
75,31
2,532
89,65
22,247
57,120
72,21
60,46
29,176
11,373
89,71
38,151
89,77
17,294
30,175
68,84
51,39
36,211
32,178
65,88
63,103
87,0
52,143
50,107
14,355
20,312
21,252
69,86
25,291
34,155
80,79
57,124
51,140
62,50
7,416
66,206
53,133
1,455
51,122
85,0
22,282
70,107
31,209
6,369
33,173
3,453
67,84
1,458
70,13
26,228
76,49
82,24
31,166
49,70
40,133
65,100
42,214
29,250
65,91
78,27
16,319
14,358
35,183
13,370
75,72
73,138
53,138
78,0
54,61
40,148
45,181
63,55
3,446
86,13
75,48
59,124
23,182
63,66
39,118
22,287
60,93
7,386
22,307
58,87
38,184
28,258
36,164
78,37
54,88
82,41
31,196
48,176
89,65
30,175
51,166
48,141
23,226
70,64
53,104
48,129
31,177
88,54
54,147
33,215
31,139
52,86
50,116
71,61
10,414
5,474
30,172
48,100
21,291
29,261
25,260
68,78
51,104
47,166
30,159
53,54
62,132
59,82
47,106
14,368
11,371
3,455
45,118
22,274
15,340
65,69
36,181
64,68
89,0
36,124
4,461
82,35
66,90
82,5
39,192
12,343
47,128
7,442
32,180
80,65
26,244
89,38
82,71
20,265
71,88
46,193
30,233
36,174
22,232
84,87
23,262
73,51
15,349
44,150
87,43
80,40
6,432
65,85
69,11
78,45
78,84
36,159
66,108
78,51
42,173
23,260
50,126
35,154
3,429
21,234
16,285
29,202
27,213
76,49
74,102
84,59
38,133
18,275
34,158
27,223
57,68
37,107
88,66
4,435
29,161
19,265
72,1
74,21
26,187
89,29
36,238
38,97
50,61
89,2
31,228
64,110
41,162
83,0
8,392
71,26
88,0
37,165
75,42
60,74
69,75
3,476
72,72
2,458
88,3
57,51
63,79
47,115
39,147
58,43
82,55
82,27
7,427
57,90
22,270
48,56
39,192
2,480
78,13
32,198
9,346
35,186
22,250
46,92
11,367
85,0
76,78
31,228
15,323
7,401
10,353
52,93
45,114
51,106
22,268
56,58
82,42
37,158
17,279
51,134
43,164
12,357
22,272
4,475
58,49
3,418
56,83
43,149
17,287
6,439
61,99
37,192
42,122
1,480
9,351
28,205
68,30
45,116
29,222
47,150
88,33
16,250
25,240
37,174
8,394
43,152
13,337
11,351
2,490
10,379
56,101
48,149
77,68
35,213
59,89
74,115
52,127
57,77
84,0
67,71
5,473
50,124
37,189
43,87
30,225
24,294
81,47
89,51
76,102
89,57
24,230
63,44
13,302
47,151
24,313
43,175
54,90
85,102
30,173
89,50
25,217
49,46
14,366
41,170
1,449
60,102
76,46
22,256
61,74
75,105
22,277
69,72
4,429
76,60
59,95
44,148
64,150
86,48
74,38
17,306
56,85
7,408
81,3
27,207
59,47
85,17
19,272
65,16
19,304
60,38
55,77
43,117
27,186
21,301
80,68
83,57
58,96
49,123
45,130
82,83
18,300
65,93
17,252
35,136
48,136
14,342
87,54
47,108
13,376
31,230
9,375
29,178
16,308
11,394
46,123
56,122
70,71
44,171
67,15
35,178
41,192
33,143
24,294
40,153
24,220
43,115
41,133
21,266
79,74
22,275
38,127
20,265
50,105
57,111
9,387
2,503
41,178
3,479
33,112
31,171
51,81
34,198
61,102
32,230
3,490
88,42
83,27
88,67
80,9
43,109
50,59
31,211
40,102
82,9
66,76
36,165
9,365
63,0
29,248
24,276
13,340
64,96
86,91
76,39
37,111
2,497
78,4
49,118
4,442
38,224
25,268
75,95
25,281
27,222
41,127
2,513
36,215
42,155
72,57
4,481
84,24
85,58
82,35
34,191
17,319
77,0
74,86
47,92
51,139
54,112
88,35
6,423
30,196
28,258
40,136
11,339
53,129
61,16
7,404
6,423
51,91
54,57
87,11
2,488
8,349
21,224
82,14
72,68
33,151
87,44
55,124
58,99
18,270
70,115
27,291
27,204
72,0
38,170
2,500
36,95
88,49
63,39
5,460
47,80
25,249
67,76
67,62
82,0
13,319
85,14
26,184
81,29
7,410
28,239
73,101
31,228
27,257
18,295
71,90
54,32
87,81
37,211
5,441
54,79
1,517
10,430
11,445
56,97
27,219
79,18
1,504
86,38
15,339
47,109
22,271
17,324
3,460
77,53
21,308
33,180
11,389
31,215
33,235
33,214
24,271
87,78
61,50
35,197
64,122
78,9
20,290
23,303
35,150
5,462
15,324
61,60
11,388
38,174
10,403
45,125
12,342
3,373
24,249
30,236
69,32
43,114
49,131
44,155
3,482
50,111
11,342
70,35
9,357
72,31
88,8
19,281
24,222
34,199
85,2
77,66
26,220
49,128
39,162
73,72
78,34
89,30
26,257
6,407
70,19
70,68
34,173
14,314
50,125
42,156
26,265
43,163
69,86
87,27
60,52
13,321
57,49
23,250
42,89
79,85
46,140
64,87
63,141
64,62
52,65
9,405
53,95
2,432
48,164
38,192
32,233
53,87
62,64
20,307
26,212
77,41
83,57
38,210
63,4
19,272
50,82
31,225
53,63
62,92
55,34
80,69
7,432
13,341
1,433
87,42
32,196
63,78
77,69
70,12
55,124
33,220
4,377
47,71
89,34
77,10
4,458
45,147
64,93
31,142
42,123
9,380
57,50
19,261
86,44
8,389
50,131
43,82
59,89
59,79
30,200
54,90
17,280
63,66
11,348
2,442
41,148
2,481
67,16
43,142
58,62
25,214
11,392
44,62
14,321
21,302
70,41
89,60
18,298
43,81
15,335
55,82
3,453
37,158
66,73
35,229
14,327
41,132
58,81
18,256
80,9
3,473
34,138
52,90
56,63
16,300
31,153
44,139
64,89
12,373
9,383
82,46
88,20
2,469
58,91
18,324
9,382
68,0
17,291
40,170
45,98
41,131
62,50
49,101
51,120
69,62
56,108
56,113
67,115
43,158
51,132
82,10
37,153
6,414
80,57
83,84
78,71
58,71
12,366
48,136
71,69
35,152
28,181
87,34
22,261
69,66
69,102
63,61
46,158
60,89
69,36
41,118
46,86
42,131
26,192
75,70
7,383
3,445
66,61
86,53
27,215
5,390
82,33
63,65
22,208
41,159
54,92
22,305
61,58
2,396
14,328
14,303
65,51
77,53
61,15
32,220
77,18
69,65
37,150
81,65
33,195
7,356
31,173
33,208
41,157
14,337
81,80
45,111
88,47
11,360
33,173
36,176
73,53
47,67
43,186
32,179
85,65
58,36
50,100
50,106
68,66
31,216
3,440
1,495
14,353
62,84
3,466
78,55
62,82
37,166
25,171
1,519
42,117
79,75
54,94
30,225
66,101
4,416
1,480
40,148
10,345
30,199
8,389
69,66
79,80
43,168
43,176
5,395
5,398
61,60
28,242
70,45
12,345
51,118
56,34
54,90
87,30
64,69
72,87
85,0
39,125
89,37
59,102
81,83
48,150
48,107
88,0
7,407
66,67
59,110
27,252
82,32
59,58
6,447
64,52
60,55
1,450
20,239
89,109
26,231
64,61
84,0
16,294
9,439
33,166
19,286
63,63
65,109
60,76
7,440
51,79
58,95
7,344
72,60
40,161
28,210
45,164
54,87
36,186
88,55
51,76
73,98
81,58
30,202
42,161
31,163
60,62
88,51
44,99
7,405
62,153
82,72
47,122
88,0
7,427
9,385
45,152
40,154
21,276
60,81
53,151
64,79
57,99
5,422
25,194
73,104
75,41
54,116
36,206
26,225
25,282
4,425
57,32
25,213
37,175
5,433
5,446
68,51
37,93
47,129
49,126
70,71
15,309
40,155
68,67
37,167
67,88
43,92
29,202
61,95
57,67
19,278
77,9
46,75
43,81
75,56
28,197
11,365
66,110
71,50
34,192
71,19
43,104
9,310
70,17
6,392
82,31
85,19
34,171
8,404
60,59
79,41
56,98
20,255
5,418
85,51
17,350
4,462
5,394
10,347
75,19
36,182
18,315
35,122
80,43
24,226
72,40
50,103
71,50
73,33
86,49
15,295
81,34
78,34
45,168
76,40
4,503
86,55
36,122
6,385
86,15
71,103
11,393
87,92
44,134
6,406
48,89
7,434
2,438
85,48
34,169
35,200
33,180
10,392
64,71
71,54
