Unit_Price,Units_Sold
287,1494
194,1603
467,1435
472,1454
235,1511
103,1698
300,1464
151,1632
352,1388
378,1446
144,1659
119,1690
227,1543
102,1758
275,1426
57,1811
359,1345
55,1937
119,1632
96,1818
211,1559
248,1446
291,1501
255,1498
411,1494
458,1491
12,2015
114,1699
83,1785
38,1945
398,1413
334,1460
152,1607
99,1767
291,1462
45,1880
13,2016
355,1433
251,1511
294,1505
432,1437
253,1485
31,1856
199,1554
458,1510
485,1462
311,1441
368,1412
220,1479
264,1466
114,1699
85,1847
191,1567
243,1524
399,1445
128,1712
492,1430
148,1653
266,1479
74,1814
400,1468
436,1455
261,1471
307,1489
358,1463
427,1489
144,1651
168,1588
133,1745
321,1413
138,1704
366,1480
163,1643
294,1461
172,1610
46,1847
275,1417
206,1538
487,1483
123,1647
13,1921
208,1521
255,1498
136,1696
124,1694
454,1550
477,1470
357,1439
144,1704
468,1457
186,1573
198,1559
151,1672
209,1557
161,1616
60,1851
40,1855
260,1517
139,1708
465,1518
100,1723
180,1520
262,1560
97,1707
188,1580
463,1484
276,1396
186,1602
25,1963
125,1706
230,1512
178,1578
423,1416
438,1460
208,1537
25,1841
237,1519
424,1503
20,1900
220,1520
343,1445
259,1434
472,1458
17,2001
277,1453
353,1387
70,1811
431,1423
192,1603
150,1680
475,1418
172,1682
230,1486
327,1422
29,1904
63,1861
363,1509
76,1778
391,1461
200,1610
369,1410
492,1487
499,1542
360,1452
129,1674
80,1769
274,1489
127,1619
198,1554
315,1458
196,1576
185,1597
26,1907
317,1459
208,1518
60,1853
78,1773
97,1813
216,1547
459,1423
194,1543
408,1482
94,1717
110,1638
343,1468
380,1480
139,1571
226,1596
292,1453
61,1766
126,1674
60,1894
175,1514
382,1450
28,1984
115,1704
167,1610
83,1811
488,1505
342,1421
150,1671
420,1491
439,1384
284,1503
156,1580
494,1490
434,1422
280,1440
421,1497
117,1730
365,1490
293,1431
59,1874
298,1515
309,1456
64,1796
130,1671
351,1399
402,1428
45,1861
207,1483
139,1683
180,1560
163,1650
78,1829
288,1399
69,1839
399,1464
70,1852
330,1463
364,1351
392,1392
50,1839
362,1408
291,1431
482,1475
278,1499
90,1819
409,1489
136,1691
309,1476
167,1611
139,1661
333,1422
214,1488
47,1847
474,1464
160,1656
38,1934
66,1772
322,1443
210,1522
280,1464
331,1338
230,1392
363,1436
346,1469
87,1799
216,1507
99,1788
235,1521
460,1496
411,1459
494,1530
493,1464
326,1424
304,1417
272,1436
96,1719
110,1694
389,1522
291,1531
125,1713
344,1419
417,1445
221,1597
430,1437
225,1474
471,1580
361,1446
236,1605
288,1473
426,1456
395,1485
261,1495
214,1549
167,1657
454,1536
491,1531
84,1769
494,1481
405,1439
91,1771
477,1465
314,1459
342,1488
399,1422
275,1506
454,1428
490,1472
443,1498
456,1516
13,1910
397,1511
370,1456
174,1509
243,1464
213,1579
381,1468
462,1498
448,1352
226,1527
226,1512
42,1881
317,1421
456,1378
88,1643
477,1503
496,1467
341,1411
471,1492
159,1627
225,1528
469,1531
221,1603
249,1572
485,1445
449,1510
468,1426
223,1563
379,1407
362,1442
451,1476
471,1482
470,1506
162,1624
497,1470
217,1520
487,1468
266,1484
37,1901
232,1490
109,1690
441,1472
374,1481
123,1669
459,1474
320,1443
115,1790
366,1492
116,1676
139,1650
426,1444
314,1423
173,1568
167,1649
253,1407
491,1490
155,1662
429,1510
137,1704
33,1848
127,1708
138,1742
183,1550
33,1880
286,1468
38,1916
214,1589
73,1797
275,1526
150,1621
404,1385
111,1729
128,1680
195,1567
271,1509
444,1453
275,1522
457,1539
342,1468
377,1476
123,1599
428,1473
120,1702
479,1465
282,1404
12,1986
261,1456
265,1432
167,1675
491,1473
292,1417
182,1588
397,1437
426,1487
436,1462
424,1481
284,1396
148,1675
46,1919
344,1418
349,1469
454,1404
366,1478
465,1428
267,1521
239,1484
187,1567
36,1863
187,1610
215,1536
289,1407
108,1726
293,1471
321,1402
299,1469
90,1784
170,1531
32,1858
145,1659
264,1500
426,1442
329,1489
133,1640
284,1491
405,1414
13,2056
232,1542
456,1403
181,1664
385,1364
128,1723
158,1588
21,1991
208,1537
155,1575
304,1481
340,1391
42,1843
479,1438
465,1452
432,1425
168,1608
254,1460
292,1390
380,1459
229,1538
480,1479
178,1594
292,1502
275,1494
416,1474
298,1463
419,1489
214,1574
168,1538
164,1569
278,1435
185,1595
448,1508
67,1823
262,1514
312,1347
107,1745
56,1816
464,1539
309,1538
213,1545
398,1438
111,1729
15,1952
355,1468
412,1432
472,1447
274,1482
86,1767
44,1889
120,1709
427,1500
200,1537
235,1500
230,1532
496,1434
36,1827
311,1456
438,1436
405,1402
304,1459
395,1390
440,1389
109,1636
393,1422
318,1441
91,1775
15,1959
231,1550
478,1493
449,1449
31,1973
130,1675
148,1696
112,1711
49,1831
307,1464
272,1563
336,1457
40,1969
65,1916
335,1423
99,1666
429,1435
466,1422
257,1475
429,1477
396,1463
194,1558
117,1772
424,1476
457,1493
167,1553
488,1522
436,1407
433,1469
231,1566
210,1529
399,1399
162,1583
359,1445
35,1972
332,1403
415,1451
435,1417
182,1530
210,1580
379,1416
236,1569
272,1428
302,1528
121,1727
466,1449
100,1776
37,1923
246,1579
373,1383
490,1467
328,1411
129,1664
132,1614
255,1437
70,1813
443,1413
391,1435
143,1648
474,1439
329,1489
480,1434
354,1463
220,1495
125,1690
38,1894
296,1439
271,1510
494,1533
456,1460
171,1666
161,1600
451,1470
211,1526
387,1477
324,1456
340,1483
289,1460
455,1428
11,1943
315,1481
263,1448
486,1546
345,1456
96,1701
300,1478
386,1410
308,1395
351,1460
300,1467
143,1694
193,1586
352,1413
262,1531
288,1439
423,1418
366,1431
435,1394
413,1483
148,1637
353,1437
194,1653
475,1499
420,1402
446,1511
272,1487
185,1537
94,1762
257,1493
88,1716
81,1795
229,1543
350,1352
337,1440
101,1788
491,1473
376,1453
472,1490
117,1609
244,1486
174,1637
126,1705
228,1565
434,1448
163,1665
85,1817
200,1634
363,1501
104,1733
392,1366
12,1941
99,1721
322,1431
63,1799
207,1601
67,1819
157,1636
188,1567
177,1563
410,1464
178,1597
74,1848
278,1527
475,1488
201,1567
350,1425
445,1509
21,1976
329,1469
181,1582
277,1492
291,1492
307,1426
113,1718
165,1578
437,1438
226,1546
478,1526
313,1437
443,1403
250,1500
276,1481
466,1438
108,1702
301,1455
166,1649
49,1813
410,1436
302,1515
377,1413
186,1601
81,1783
190,1598
373,1438
120,1711
334,1481
416,1470
63,1854
147,1679
242,1498
312,1412
88,1840
217,1552
420,1492
41,1800
321,1516
241,1485
188,1586
374,1420
183,1519
44,1885
494,1557
97,1729
424,1427
124,1745
300,1468
473,1444
113,1688
199,1547
173,1631
85,1704
197,1561
89,1769
314,1474
334,1460
120,1685
462,1422
29,1936
185,1624
431,1425
237,1482
393,1434
192,1594
105,1726
369,1480
276,1495
340,1449
186,1507
485,1528
21,1844
183,1502
40,1863
305,1500
103,1738
349,1429
292,1465
162,1666
443,1373
363,1440
44,1844
436,1431
189,1619
398,1400
497,1466
48,1872
200,1531
337,1494
156,1653
116,1684
155,1686
127,1717
217,1580
476,1445
88,1804
486,1440
344,1465
389,1389
294,1416
282,1466
24,1925
177,1595
84,1790
268,1489
470,1523
175,1588
402,1432
384,1390
477,1472
134,1621
255,1466
185,1554
483,1486
66,1853
213,1504
186,1646
232,1540
395,1407
426,1496
281,1465
270,1474
446,1429
218,1556
72,1770
250,1463
65,1751
241,1549
425,1430
408,1512
198,1584
277,1511
410,1483
147,1652
355,1458
181,1632
229,1544
421,1417
224,1506
285,1477
346,1394
445,1440
401,1424
260,1440
123,1703
472,1510
498,1514
224,1451
126,1652
471,1513
369,1462
375,1475
292,1441
214,1537
304,1521
372,1399
98,1740
227,1533
328,1433
84,1763
303,1564
82,1790
372,1462
234,1578
188,1542
89,1742
250,1439
221,1513
400,1438
170,1609
86,1782
440,1450
44,1895
77,1809
72,1771
360,1466
103,1783
140,1712
306,1463
100,1779
425,1509
440,1485
175,1583
387,1463
271,1493
386,1489
455,1481
17,1955
319,1490
97,1770
472,1542
418,1452
164,1687
278,1497
221,1554
142,1631
495,1454
336,1513
67,1810
462,1508
165,1561
46,1864
230,1566
243,1545
430,1467
132,1653
144,1663
439,1441
99,1745
248,1487
195,1447
92,1708
83,1807
193,1571
371,1482
477,1437
119,1752
360,1461
237,1451
119,1712
271,1503
472,1473
97,1823
295,1457
18,1883
74,1820
315,1432
248,1505
408,1432
323,1479
143,1603
216,1578
336,1459
311,1483
356,1342
403,1503
105,1683
478,1521
181,1532
46,1849
319,1465
111,1701
237,1510
471,1411
243,1551
304,1460
325,1510
50,1914
57,1809
343,1446
267,1504
161,1627
19,1924
435,1452
399,1401
140,1682
199,1582
427,1395
483,1582
263,1499
339,1418
175,1572
447,1516
94,1687
34,1913
203,1613
45,1805
330,1414
181,1588
499,1510
261,1520
173,1577
437,1452
353,1530
467,1491
252,1431
44,1851
453,1375
351,1451
375,1402
440,1402
491,1437
489,1560
153,1652
392,1393
487,1470
173,1618
452,1441
198,1581
232,1517
487,1512
78,1796
481,1466
183,1597
493,1462
356,1426
151,1643
110,1707
470,1511
285,1516
37,1842
380,1458
393,1463
271,1558
210,1634
287,1476
352,1441
262,1487
145,1628
138,1682
80,1733
385,1465
198,1568
390,1486
326,1421
341,1424
176,1663
90,1662
59,1908
345,1372
205,1608
238,1504
274,1464
18,2004
484,1511
85,1859
427,1574
160,1584
492,1508
241,1509
274,1479
470,1443
381,1352
187,1572
323,1468
130,1652
52,1909
139,1711
248,1493
459,1444
294,1530
438,1470
450,1423
159,1626
436,1493
478,1527
324,1456
120,1700
143,1679
248,1482
194,1657
421,1425
217,1533
394,1426
416,1482
145,1762
198,1619
81,1767
499,1517
266,1509
276,1475
17,1920
60,1897
296,1510
375,1509
173,1672
209,1641
481,1507
100,1754
294,1478
393,1436
245,1572
91,1723
210,1583
173,1567
264,1425
47,1809
343,1486
278,1408
177,1566
317,1428
289,1400
198,1512
240,1521
87,1776
81,1803
149,1703
317,1390
360,1534
491,1464
365,1435
478,1461
397,1424
404,1368
193,1559
243,1520
494,1491
242,1487
16,1969
320,1440
135,1721
85,1791
456,1487
398,1512
396,1445
489,1492
241,1538
253,1506
329,1400
492,1490
493,1469
405,1467
487,1439
263,1502
170,1506
433,1447
434,1490
140,1644
163,1656
303,1458
253,1555
242,1612
43,1951
204,1550
87,1771
246,1467
375,1485
151,1696
90,1739
88,1783
405,1403
304,1384
498,1563
117,1645
359,1491
327,1430
186,1571
324,1468
316,1455
464,1494
249,1453
300,1458
188,1584
125,1682
40,1871
305,1505
430,1461
151,1615
252,1467
451,1375
133,1660
37,1896
254,1427
21,1953
370,1409
79,1748
333,1414
106,1711
65,1747
14,1972
402,1468
71,1828
112,1675
347,1422
489,1454
488,1575
133,1648
299,1560
433,1415
484,1491
366,1440
366,1438
133,1708
127,1667
304,1522
117,1677
278,1443
397,1400
18,1909
209,1583
247,1512
399,1469
298,1395
463,1499
57,1919
346,1439
430,1413
470,1448
159,1586
187,1541
284,1532
293,1566
384,1427
126,1682
457,1454
195,1503
264,1467
372,1432
418,1351
117,1638
337,1471
374,1469
451,1478
425,1431
440,1426
258,1462
84,1764
431,1398
155,1651
36,1932
111,1767
302,1519
51,1742
45,1925
370,1450
171,1564
408,1415
70,1794
342,1398
420,1432
156,1614
109,1658
86,1783
400,1489
454,1453
10,1976
498,1479
414,1466
25,1964
442,1442
422,1433
225,1560
92,1751
100,1660
249,1492
184,1582
138,1635
100,1738
151,1681
340,1415
265,1462
96,1759
312,1458
197,1554
93,1719
126,1659
265,1582
35,1852
283,1445
173,1619
231,1639
446,1457
205,1563
348,1392
71,1766
206,1556
459,1492
147,1621
451,1430
314,1392
116,1745
192,1588
52,1894
84,1778
60,1867
159,1608
308,1432
273,1463
391,1418
12,1987
178,1530
62,1827
433,1382
451,1509
155,1656
315,1419
479,1493
20,1957
459,1406
159,1630
370,1460
72,1819
124,1721
216,1506
145,1678
92,1814
82,1778
78,1783
337,1446
234,1475
122,1716
24,1915
408,1459
370,1480
272,1478
222,1559
119,1652
419,1438
330,1465
444,1408
355,1496
419,1477
135,1644
357,1438
18,1947
163,1601
380,1369
470,1449
14,1987
119,1704
283,1507
62,1790
416,1478
229,1549
494,1467
206,1557
326,1420
100,1762
477,1545
237,1522
494,1460
171,1591
87,1866
184,1531
463,1441
292,1470
395,1497
18,1891
212,1508
319,1374
142,1639
212,1500
12,2007
355,1380
407,1498
274,1533
220,1516
218,1435
442,1475
67,1864
375,1385
481,1454
343,1450
147,1624
390,1516
400,1439
150,1658
300,1497
198,1493
360,1450
47,1846
243,1479
174,1581
486,1482
79,1762
17,1950
226,1483
78,1831
339,1433
288,1504
394,1492
278,1546
110,1715
419,1366
92,1773
99,1744
453,1457
377,1454
59,1864
188,1582
499,1490
386,1472
66,1868
459,1532
456,1493
50,1831
476,1583
341,1411
245,1508
44,1951
233,1528
446,1575
86,1759
493,1471
458,1481
298,1434
190,1629
13,1935
129,1707
267,1509
17,1975
89,1806
287,1443
211,1553
82,1771
388,1494
255,1512
464,1548
241,1573
390,1393
218,1534
295,1472
84,1771
436,1431
192,1565
280,1500
336,1480
70,1771
332,1387
160,1576
292,1464
103,1743
441,1465
454,1449
25,1920
151,1579
445,1446
95,1780
379,1429
413,1378
275,1549
67,1782
294,1472
141,1672
488,1550
215,1537
398,1455
47,1849
77,1774
212,1539
383,1483
482,1521
21,1911
61,1848
360,1448
340,1436
240,1459
489,1501
340,1461
80,1776
385,1426
331,1522
330,1431
98,1786
338,1433
55,1850
125,1679
365,1437
358,1394
275,1510
100,1720
28,1869
348,1481
126,1751
126,1686
285,1483
422,1485
126,1652
460,1476
287,1523
193,1574
479,1469
486,1491
32,1876
433,1516
384,1477
227,1548
440,1461
126,1679
200,1535
351,1404
431,1496
146,1684
478,1442
109,1713
187,1569
198,1589
237,1555
361,1404
361,1410
135,1648
235,1507
326,1370
416,1357
35,1905
127,1693
473,1475
239,1558
250,1434
12,2033
203,1551
173,1601
338,1457
388,1398
485,1468
225,1586
438,1472
485,1482
464,1414
99,1690
311,1435
330,1449
114,1751
374,1473
114,1757
428,1439
347,1393
223,1502
214,1545
409,1458
56,1804
124,1673
358,1402
286,1551
499,1530
402,1430
486,1471
213,1607
273,1442
339,1439
491,1460
184,1558
221,1549
217,1450
435,1519
374,1463
404,1434
66,1776
249,1415
471,1467
360,1416
392,1428
433,1451
252,1531
171,1632
397,1452
187,1633
259,1485
313,1459
400,1499
393,1511
179,1598
111,1708
458,1518
315,1452
131,1663
55,1842
353,1481
51,1858
101,1731
289,1435
342,1422
239,1536
147,1674
291,1409
391,1447
384,1480
395,1356
234,1536
357,1471
356,1482
207,1583
198,1545
451,1412
260,1501
60,1854
90,1737
265,1494
490,1472
344,1457
183,1577
12,1905
339,1454
358,1473
80,1828
315,1440
45,1892
189,1526
53,1939
95,1687
488,1403
496,1542
279,1522
203,1561
186,1659
463,1501
92,1733
164,1643
463,1424
11,1942
86,1832
56,1842
197,1558
147,1668
198,1604
305,1531
14,1954
279,1426
232,1556
98,1688
207,1550
341,1403
460,1472
120,1659
251,1475
160,1592
458,1357
88,1742
250,1580
497,1531
86,1796
431,1390
151,1616
412,1448
146,1719
357,1351
298,1462
298,1396
438,1460
304,1470
298,1458
13,2030
347,1344
291,1430
34,1886
236,1482
255,1442
368,1368
219,1553
426,1469
411,1365
385,1492
422,1437
242,1476
401,1456
442,1427
75,1829
461,1480
344,1464
209,1509
103,1777
312,1513
130,1650
176,1567
225,1443
370,1366
201,1579
253,1466
149,1679
45,1914
23,1918
489,1534
316,1468
192,1613
343,1359
393,1432
165,1655
52,1800
157,1662
406,1453
183,1628
438,1445
90,1775
39,1824
441,1487
113,1724
410,1406
489,1455
309,1371
133,1661
92,1784
82,1761
180,1614
73,1754
483,1486
133,1673
138,1686
314,1504
284,1466
118,1686
277,1452
128,1710
245,1563
37,1877
118,1681
495,1497
424,1450
325,1412
214,1641
254,1445
116,1646
62,1770
446,1457
20,1949
405,1398
224,1606
67,1796
127,1585
56,1838
102,1772
72,1731
402,1474
23,1910
489,1512
460,1513
393,1497
16,1888
399,1500
428,1490
228,1473
448,1386
421,1416
288,1556
403,1454
346,1407
319,1457
71,1868
280,1474
407,1416
276,1468
320,1403
102,1707
411,1427
35,1905
56,1823
226,1479
433,1461
436,1454
458,1395
268,1430
284,1472
404,1507
357,1389
393,1343
380,1438
347,1520
190,1540
407,1435
86,1819
348,1527
309,1373
444,1456
41,1902
308,1407
426,1476
15,2041
167,1623
83,1784
167,1548
82,1730
143,1689
137,1718
246,1498
335,1385
221,1540
218,1564
395,1401
11,1908
19,1955
70,1790
10,1985
299,1469
248,1547
254,1515
301,1418
177,1598
380,1422
413,1438
233,1585
65,1808
26,1908
325,1436
176,1553
479,1459
142,1619
330,1437
232,1509
27,1817
78,1825
71,1843
354,1413
336,1456
407,1433
400,1485
103,1784
410,1550
406,1424
417,1418
493,1519
328,1393
405,1475
155,1673
160,1664
415,1389
34,1892
309,1467
290,1501
109,1694
414,1424
121,1666
294,1486
69,1802
401,1433
122,1721
127,1737
14,1909
203,1544
189,1657
416,1475
395,1407
223,1485
350,1416
117,1656
133,1668
442,1390
474,1471
177,1605
198,1491
296,1414
98,1843
400,1458
34,1922
475,1457
105,1730
131,1719
195,1522
70,1776
337,1437
23,1900
377,1402
143,1752
128,1721
32,1910
88,1790
479,1417
173,1616
460,1425
438,1469
437,1410
402,1459
462,1488
137,1661
21,1936
230,1563
74,1809
234,1529
193,1566
30,1863
199,1614
30,1931
100,1715
11,1963
401,1442
405,1377
159,1652
442,1529
18,1972
181,1536
431,1398
358,1409
268,1534
351,1485
333,1378
486,1479
498,1476
470,1458
225,1447
137,1664
139,1625
396,1425
152,1641
225,1554
59,1760
419,1389
145,1662
113,1702
190,1528
14,1943
209,1557
183,1603
48,1819
375,1430
297,1438
360,1511
325,1405
135,1641
465,1459
26,1918
260,1446
137,1692
416,1449
496,1568
251,1519
470,1482
450,1415
181,1586
344,1468
310,1462
101,1772
185,1600
231,1551
24,1892
175,1606
401,1414
183,1570
344,1355
239,1578
432,1383
188,1556
171,1592
301,1510
29,1878
373,1401
22,1972
53,1831
54,1797
312,1426
30,1951
376,1459
416,1465
55,1882
268,1510
223,1528
102,1779
433,1426
231,1547
457,1416
353,1461
354,1471
469,1461
443,1529
157,1616
490,1516
304,1524
159,1678
390,1474
311,1421
92,1743
41,1832
382,1429
252,1532
35,1914
309,1408
464,1541
273,1477
326,1434
276,1472
196,1613
241,1483
25,1951
466,1505
370,1505
461,1409
212,1527
275,1453
260,1483
68,1810
62,1825
486,1514
50,1847
14,1976
12,1992
470,1498
473,1481
370,1469
81,1749
293,1441
417,1425
175,1618
75,1813
327,1489
271,1451
284,1548
155,1634
71,1786
47,1910
481,1508
304,1455
285,1456
225,1513
65,1831
448,1460
388,1383
139,1648
237,1542
153,1612
108,1688
144,1676
453,1529
167,1632
44,1813
304,1455
436,1492
409,1401
153,1687
417,1473
407,1458
25,1848
297,1509
445,1458
336,1413
354,1416
96,1716
267,1500
466,1475
110,1701
499,1525
425,1450
52,1842
223,1438
27,2000
435,1551
134,1643
200,1513
119,1685
96,1745
274,1476
228,1550
491,1461
146,1667
350,1404
154,1604
270,1554
407,1539
219,1512
161,1598
380,1454
466,1377
168,1681
350,1367
492,1449
200,1533
163,1672
282,1524
269,1479
144,1655
140,1627
434,1512
265,1450
232,1517
414,1423
69,1861
263,1487
343,1379
53,1812
228,1478
431,1368
32,1903
467,1512
375,1418
198,1540
158,1578
140,1691
57,1871
20,1937
406,1445
146,1578
216,1528
188,1583
459,1470
225,1520
470,1480
353,1470
32,1906
299,1439
204,1588
215,1596
163,1607
326,1462
202,1571
102,1705
21,1964
270,1428
325,1415
316,1444
317,1489
242,1535
64,1823
80,1838
108,1686
336,1438
312,1486
482,1453
105,1743
136,1698
421,1383
180,1540
483,1479
66,1730
211,1515
234,1537
82,1818
428,1466
207,1482
155,1592
461,1454
348,1448
207,1570
106,1750
461,1489
234,1555
314,1451
13,1947
222,1513
37,1856
73,1869
272,1496
81,1755
364,1392
149,1650
348,1463
179,1613
253,1530
431,1455
283,1500
293,1461
201,1577
303,1434
105,1702
68,1749
359,1428
425,1437
95,1712
59,1855
206,1555
261,1542
388,1461
208,1510
210,1608
396,1415
448,1424
284,1547
245,1525
27,1902
167,1651
61,1860
261,1543
494,1449
337,1419
422,1430
154,1672
156,1598
193,1498
23,1842
281,1447
200,1579
88,1767
365,1453
27,1940
497,1466
366,1434
232,1553
250,1510
49,1834
22,1931
338,1411
385,1457
247,1519
329,1481
442,1456
127,1607
495,1535
336,1433
106,1740
161,1617
493,1494
292,1471
308,1380
147,1632
264,1504
22,1944
381,1424
454,1442
287,1460
319,1444
399,1493
315,1428
158,1707
484,1489
309,1497
491,1520
207,1556
272,1488
44,1911
103,1792
340,1415
73,1766
263,1482
39,1879
451,1485
67,1819
414,1437
50,1818
375,1468
404,1467
79,1768
220,1515
312,1484
162,1627
297,1443
420,1495
183,1536
277,1508
22,2033
206,1475
277,1427
442,1523
483,1488
380,1446
428,1474
27,1861
475,1516
498,1455
460,1500
483,1403
180,1609
263,1495
313,1469
216,1603
367,1429
419,1514
370,1380
458,1553
471,1448
444,1484
364,1463
402,1427
484,1527
242,1521
169,1630
78,1768
66,1842
199,1532
105,1712
168,1571
207,1584
62,1827
321,1412
232,1558
360,1358
309,1426
71,1792
325,1422
176,1637
16,1994
445,1483
211,1494
262,1470
104,1740
310,1486
142,1645
297,1473
87,1798
178,1630
151,1654
145,1633
93,1750
243,1489
178,1627
112,1709
467,1554
19,1934
17,1906
218,1642
61,1871
367,1394
189,1534
252,1583
214,1503
46,1870
301,1480
158,1672
437,1535
440,1484
75,1873
103,1779
248,1548
412,1470
262,1462
241,1584
88,1754
161,1658
371,1364
470,1501
353,1498
188,1532
266,1504
116,1635
283,1473
124,1737
219,1514
444,1476
304,1474
494,1473
196,1547
276,1503
165,1649
148,1583
446,1549
361,1423
171,1630
194,1592
370,1446
266,1467
152,1617
417,1431
433,1428
450,1386
459,1496
79,1756
459,1577
474,1502
464,1471
76,1820
33,1862
60,1914
391,1427
469,1531
219,1557
193,1645
337,1456
309,1424
454,1485
291,1473
330,1460
266,1499
133,1620
243,1536
268,1413
115,1732
205,1575
225,1572
213,1543
87,1711
497,1490
481,1479
423,1484
112,1781
42,1934
122,1684
30,1887
152,1691
328,1411
453,1427
56,1874
233,1478
238,1494
254,1506
104,1757
202,1577
316,1440
298,1431
491,1433
391,1441
117,1690
468,1550
497,1463
381,1443
365,1403
491,1434
146,1654
296,1409
166,1617
342,1421
147,1605
146,1654
310,1474
268,1541
250,1446
91,1782
388,1391
164,1655
425,1456
273,1515
470,1463
155,1681
163,1577
89,1770
222,1563
247,1541
482,1440
325,1435
246,1472
388,1450
269,1502
298,1465
487,1462
40,1921
426,1418
79,1727
408,1416
472,1449
176,1571
168,1618
82,1747
389,1471
297,1467
329,1435
175,1617
179,1554
478,1480
62,1803
405,1432
172,1592
344,1414
317,1417
116,1704
101,1736
361,1486
124,1704
227,1435
455,1425
211,1544
370,1443
160,1609
394,1421
89,1764
452,1511
222,1571
184,1587
218,1548
29,1879
227,1493
282,1437
482,1480
34,1820
333,1443
101,1759
458,1501
134,1664
87,1702
31,1878
215,1562
280,1400
334,1438
408,1441
381,1475
72,1794
245,1488
184,1490
427,1474
102,1687
95,1709
25,1936
80,1723
202,1602
316,1496
16,1927
243,1504
479,1405
379,1408
273,1509
495,1532
266,1458
480,1466
169,1597
98,1656
133,1654
438,1454
401,1507
384,1490
328,1498
225,1586
365,1477
206,1529
56,1818
302,1455
137,1615
481,1544
328,1438
244,1528
243,1559
114,1748
324,1434
209,1463
260,1510
139,1679
105,1755
224,1506
41,1828
76,1759
475,1504
371,1475
379,1485
492,1514
101,1707
477,1488
415,1408
138,1648
435,1475
465,1439
145,1647
477,1540
282,1571
472,1507
185,1523
479,1503
384,1427
153,1615
234,1487
353,1397
157,1653
423,1480
170,1636
98,1715
183,1567
375,1522
257,1453
258,1495
173,1562
209,1545
103,1698
217,1526
49,1894
259,1467
216,1565
36,1847
251,1522
438,1400
83,1760
417,1456
40,1922
111,1704
284,1463
321,1410
264,1510
330,1498
395,1391
48,1839
405,1446
423,1519
433,1477
150,1605
482,1441
234,1532
354,1414
283,1430
81,1731
361,1481
277,1446
384,1352
447,1408
447,1449
220,1550
478,1501
309,1457
331,1480
318,1497
457,1496
69,1877
212,1574
444,1362
98,1776
138,1661
236,1529
490,1504
114,1756
100,1717
158,1613
215,1530
320,1475
396,1480
72,1771
114,1764
72,1854
38,1877
282,1450
195,1611
122,1693
397,1396
245,1496
71,1744
375,1407
479,1530
471,1551
471,1469
377,1433
450,1492
82,1836
331,1408
238,1485
270,1516
411,1427
436,1440
233,1429
434,1477
402,1432
117,1761
461,1445
460,1503
238,1522
30,1880
48,1850
129,1669
439,1441
231,1533
238,1565
353,1398
202,1562
153,1615
165,1592
103,1766
258,1535
220,1498
96,1756
171,1585
110,1692
416,1465
261,1521
244,1554
153,1688
306,1493
105,1695
217,1612
44,1832
356,1474
204,1566
328,1494
157,1676
484,1451
385,1446
331,1430
86,1697
143,1626
87,1749
353,1490
356,1441
402,1497
59,1876
96,1762
364,1422
73,1789
444,1433
46,1925
471,1439
99,1735
465,1463
254,1586
182,1632
296,1455
81,1751
429,1415
231,1571
196,1547
281,1461
384,1466
190,1572
387,1412
488,1495
168,1644
172,1567
430,1424
471,1528
258,1495
248,1472
71,1772
176,1644
449,1434
226,1570
458,1483
456,1444
256,1479
166,1590
357,1442
265,1533
102,1750
467,1429
17,2002
369,1525
359,1398
423,1378
434,1453
207,1551
152,1665
448,1464
225,1505
342,1408
146,1646
29,1956
429,1428
125,1710
442,1433
22,1908
228,1561
27,1970
450,1468
17,1911
435,1426
250,1442
273,1499
69,1804
323,1448
124,1716
381,1403
161,1648
53,1902
113,1661
456,1489
484,1496
444,1482
221,1551
236,1492
145,1681
481,1461
433,1474
469,1530
248,1456
426,1419
87,1737
414,1455
298,1489
370,1428
374,1410
264,1539
64,1861
330,1379
322,1448
335,1420
151,1648
229,1549
34,1933
137,1653
432,1445
288,1462
180,1556
368,1427
193,1518
154,1629
168,1582
61,1843
293,1490
144,1582
386,1440
27,1982
217,1524
143,1590
459,1432
413,1456
134,1693
352,1415
11,1975
162,1658
376,1438
399,1461
436,1467
241,1515
166,1547
18,1956
466,1365
151,1642
438,1415
280,1465
183,1594
345,1526
377,1413
380,1427
310,1476
201,1505
309,1496
18,1956
357,1441
333,1482
497,1464
149,1615
388,1433
223,1488
394,1472
437,1425
177,1601
389,1421
397,1426
307,1419
170,1579
221,1508
108,1707
376,1415
139,1627
403,1375
81,1766
407,1461
326,1402
292,1515
86,1706
342,1382
191,1503
38,1933
273,1465
225,1585
462,1402
485,1582
75,1763
478,1470
111,1708
484,1495
209,1550
85,1776
467,1516
187,1560
208,1529
434,1509
147,1651
486,1463
418,1473
291,1459
125,1761
419,1407
463,1481
351,1399
368,1431
149,1613
451,1461
464,1453
419,1412
278,1434
91,1761
206,1537
40,1912
282,1429
408,1452
491,1503
31,1978
206,1559
281,1490
389,1377
170,1612
306,1410
397,1379
362,1430
357,1453
212,1569
456,1528
334,1423
435,1421
434,1418
400,1417
124,1662
33,1947
53,1920
251,1509
77,1803
149,1634
192,1575
269,1523
354,1401
268,1460
474,1481
419,1393
68,1818
123,1639
274,1487
183,1583
278,1476
142,1661
120,1730
388,1420
62,1826
133,1646
70,1812
398,1440
341,1401
485,1516
467,1488
394,1476
428,1465
165,1645
316,1419
459,1453
288,1428
78,1816
170,1599
488,1475
344,1450
330,1447
381,1436
102,1798
289,1429
18,1918
200,1581
428,1433
326,1406
153,1547
337,1421
337,1449
32,1894
455,1462
437,1415
196,1591
218,1513
100,1779
230,1532
328,1464
276,1489
96,1740
205,1555
346,1433
340,1483
17,1900
99,1799
253,1466
186,1586
465,1460
17,1960
464,1481
124,1715
43,1859
41,1927
342,1475
109,1707
91,1825
342,1415
103,1756
392,1439
202,1527
258,1575
328,1453
62,1813
108,1726
76,1821
167,1574
68,1810
377,1455
418,1461
170,1608
25,1852
58,1818
268,1510
294,1502
279,1474
244,1489
246,1508
206,1584
326,1437
474,1573
382,1371
38,1920
158,1607
399,1389
417,1454
250,1494
293,1447
194,1545
388,1430
194,1575
474,1491
255,1549
115,1751
31,1906
289,1406
369,1410
283,1561
421,1512
322,1460
83,1764
266,1448
366,1425
291,1472
355,1403
42,1822
134,1629
192,1629
338,1435
27,1931
129,1691
206,1560
351,1391
275,1538
407,1451
341,1423
361,1431
304,1436
173,1577
316,1464
443,1326
376,1412
152,1595
324,1453
426,1379
473,1412
333,1421
447,1478
316,1518
140,1690
99,1747
129,1728
110,1727
171,1660
307,1456
274,1563
117,1641
279,1493
362,1389
111,1736
398,1457
252,1532
376,1460
357,1469
42,1910
90,1757
94,1750
272,1570
305,1439
172,1583
208,1591
17,1950
380,1490
453,1435
51,1885
488,1459
129,1706
142,1642
453,1471
14,1941
225,1525
255,1532
479,1510
437,1466
135,1749
214,1569
223,1510
99,1735
74,1803
346,1489
92,1798
395,1423
322,1481
187,1571
189,1545
148,1669
39,1851
183,1594
224,1551
387,1424
408,1425
69,1810
352,1510
405,1418
100,1759
15,1938
231,1552
14,1918
439,1456
175,1546
428,1393
448,1454
73,1793
143,1627
23,1892
61,1819
187,1563
282,1521
402,1499
177,1585
488,1497
45,1889
83,1766
356,1415
58,1849
445,1460
206,1516
218,1566
40,1938
194,1598
87,1842
480,1541
117,1731
358,1370
112,1703
216,1584
440,1474
85,1803
106,1671
453,1490
258,1501
387,1466
241,1533
103,1799
287,1489
295,1482
425,1387
477,1518
175,1617
260,1471
221,1495
139,1648
386,1494
232,1614
73,1790
187,1541
192,1612
421,1432
12,2002
452,1496
157,1585
108,1727
455,1373
456,1499
28,1902
399,1410
468,1472
310,1448
79,1767
475,1459
455,1459
87,1770
23,1980
202,1639
447,1484
390,1443
346,1381
197,1547
255,1439
343,1389
40,1912
54,1836
211,1571
239,1531
234,1508
334,1404
89,1752
29,1842
441,1421
415,1541
433,1447
474,1525
187,1540
443,1490
274,1458
111,1717
499,1458
210,1576
344,1450
189,1614
311,1468
87,1847
466,1480
146,1656
426,1469
66,1921
254,1477
264,1441
168,1600
467,1453
467,1529
260,1502
304,1435
462,1453
219,1545
190,1527
362,1325
378,1466
347,1416
125,1788
451,1503
341,1391
482,1455
329,1452
383,1494
36,1880
114,1649
254,1573
274,1556
186,1531
201,1567
214,1462
72,1833
122,1769
415,1474
11,1950
176,1583
450,1524
377,1472
216,1523
160,1645
327,1443
278,1455
386,1512
118,1699
312,1463
157,1681
22,1978
192,1589
164,1592
115,1703
474,1480
424,1442
355,1458
31,1896
498,1464
41,1849
329,1481
31,1971
199,1570
485,1478
499,1511
56,1773
10,1951
461,1513
473,1500
180,1573
352,1448
47,1844
434,1472
493,1526
407,1461
244,1501
372,1454
12,1936
330,1477
309,1515
281,1498
145,1648
458,1384
94,1737
327,1504
267,1487
85,1758
215,1497
95,1798
321,1458
221,1577
410,1355
198,1590
272,1438
350,1455
299,1450
325,1436
31,1930
415,1436
414,1408
393,1430
22,1943
246,1494
207,1535
482,1445
136,1725
53,1828
424,1508
290,1509
361,1496
64,1790
38,1891
249,1500
300,1473
341,1438
89,1751
338,1443
214,1520
85,1754
355,1468
408,1453
333,1359
314,1497
211,1580
441,1438
53,1874
47,1827
121,1672
277,1479
325,1408
223,1588
431,1419
201,1602
359,1354
24,1935
301,1512
78,1748
250,1493
461,1431
99,1748
180,1585
284,1433
87,1836
356,1444
129,1767
175,1566
291,1453
115,1641
224,1429
371,1496
442,1413
326,1449
331,1387
214,1585
149,1629
238,1523
369,1430
301,1499
460,1524
333,1424
424,1479
306,1439
165,1652
497,1460
212,1549
440,1443
449,1495
244,1469
473,1460
239,1527
294,1484
24,1902
350,1466
151,1753
153,1634
484,1420
293,1469
215,1569
45,1860
403,1457
184,1561
191,1607
402,1458
229,1542
279,1503
391,1438
457,1468
92,1795
66,1843
86,1770
388,1419
449,1390
188,1587
448,1451
366,1453
304,1417
317,1498
328,1492
326,1477
332,1456
336,1413
37,1984
23,1971
255,1494
174,1550
121,1692
189,1570
31,1937
232,1512
266,1399
248,1463
213,1582
481,1448
231,1480
63,1853
183,1591
121,1650
484,1525
473,1438
94,1768
257,1531
77,1786
136,1681
203,1492
478,1514
144,1647
110,1768
80,1728
75,1752
213,1550
394,1393
140,1655
10,1945
44,1864
281,1450
145,1599
158,1587
270,1495
321,1391
296,1484
260,1451
99,1783
266,1446
224,1565
406,1436
41,1888
462,1501
93,1769
316,1449
101,1723
400,1366
389,1498
67,1779
470,1503
297,1464
27,1853
183,1551
374,1452
17,1907
230,1483
349,1462
291,1465
27,1963
311,1441
390,1372
139,1623
440,1465
499,1478
58,1880
451,1418
353,1457
244,1484
273,1452
287,1440
107,1684
489,1468
108,1766
418,1564
208,1562
87,1773
437,1442
166,1576
494,1531
494,1494
16,1909
490,1565
393,1515
474,1501
220,1488
290,1432
17,1907
469,1548
396,1393
296,1438
245,1532
465,1464
77,1736
297,1485
144,1721
151,1607
427,1421
206,1597
21,1969
46,1827
292,1547
94,1717
386,1459
86,1718
98,1777
43,1838
307,1437
329,1414
245,1433
57,1800
26,1916
158,1574
280,1404
35,1901
426,1536
108,1739
355,1477
149,1644
31,1915
467,1466
466,1462
237,1469
363,1451
222,1488
362,1413
83,1697
438,1449
400,1390
260,1498
200,1564
37,1874
475,1409
472,1487
305,1515
103,1767
482,1511
454,1439
315,1466
379,1371
374,1392
103,1774
473,1430
275,1478
290,1464
405,1373
497,1515
384,1490
10,2052
82,1811
221,1548
303,1469
91,1782
230,1533
174,1688
452,1490
378,1473
405,1439
430,1363
105,1620
21,1910
65,1861
366,1461
432,1446
213,1564
449,1482
490,1562
321,1427
116,1669
425,1462
42,1897
417,1446
168,1618
199,1631
487,1489
483,1470
11,1948
61,1784
90,1732
138,1718
317,1448
360,1419
389,1475
102,1724
468,1523
141,1679
365,1392
17,1986
365,1446
440,1446
158,1632
340,1443
405,1385
227,1515
356,1424
299,1397
211,1532
259,1488
466,1581
368,1376
342,1431
213,1519
90,1725
77,1855
73,1874
112,1685
37,1935
306,1483
93,1770
464,1465
81,1829
492,1532
486,1506
312,1391
280,1503
360,1507
213,1549
158,1604
57,1879
473,1518
176,1575
297,1481
15,1991
353,1395
361,1471
411,1433
193,1582
373,1436
467,1484
230,1548
18,1959
406,1429
252,1472
36,1948
110,1694
145,1616
190,1513
75,1827
243,1498
13,1969
467,1499
279,1472
34,1867
178,1576
471,1411
211,1609
209,1545
143,1624
270,1521
414,1375
186,1634
416,1418
46,1913
92,1758
318,1366
186,1537
221,1527
136,1669
147,1636
219,1547
413,1360
441,1468
276,1421
88,1809
105,1665
148,1710
253,1477
230,1493
497,1554
304,1478
394,1481
73,1803
56,1856
356,1467
492,1484
145,1717
85,1727
135,1662
357,1490
313,1383
476,1459
486,1407
115,1692
371,1435
475,1434
391,1437
235,1475
124,1706
412,1459
97,1769
235,1512
489,1454
331,1396
73,1811
361,1377
337,1497
118,1707
390,1378
455,1442
446,1476
210,1588
416,1454
384,1391
294,1512
80,1780
398,1492
305,1475
169,1623
369,1436
268,1500
19,1996
455,1440
177,1634
126,1683
358,1452
438,1503
92,1736
354,1491
477,1504
248,1526
495,1545
183,1604
339,1472
188,1637
148,1661
215,1392
188,1556
488,1526
398,1422
116,1664
421,1412
476,1505
42,1835
139,1674
127,1672
102,1775
91,1787
119,1709
19,1922
193,1567
239,1473
408,1420
223,1576
36,1854
420,1387
479,1470
158,1623
424,1427
198,1549
137,1640
491,1538
463,1521
278,1410
433,1476
24,1816
228,1571
389,1445
452,1450
232,1463
377,1463
435,1389
160,1680
329,1458
375,1455
108,1704
319,1485
17,1874
106,1722
165,1552
80,1806
493,1457
406,1446
179,1570
168,1629
22,1949
300,1438
129,1685
315,1412
336,1536
415,1461
433,1449
445,1362
491,1514
146,1574
425,1431
492,1474
12,2039
201,1570
30,1869
391,1390
258,1507
86,1809
362,1435
429,1439
275,1479
237,1563
411,1463
232,1519
246,1476
497,1531
266,1512
424,1497
419,1482
473,1493
47,1877
192,1541
85,1790
436,1432
52,1792
60,1911
102,1698
453,1429
323,1455
69,1820
213,1550
14,1942
51,1878
267,1530
453,1427
405,1393
407,1355
56,1827
63,1830
487,1502
44,1853
56,1899
389,1471
26,1932
396,1427
82,1734
453,1429
464,1437
329,1456
349,1453
454,1400
341,1460
16,1966
486,1502
383,1435
327,1427
422,1502
131,1630
390,1356
27,1889
267,1529
185,1588
20,1905
291,1489
135,1674
484,1489
156,1585
452,1489
239,1481
93,1808
353,1384
496,1508
406,1393
15,1900
49,1881
174,1563
130,1660
74,1757
317,1511
267,1461
239,1543
50,1832
327,1382
39,1887
97,1780
242,1500
303,1446
228,1532
295,1491
135,1675
146,1612
110,1689
281,1495
428,1414
357,1428
341,1478
341,1449
60,1830
18,1896
422,1383
380,1453
188,1580
222,1478
154,1673
170,1557
299,1431
99,1721
411,1502
363,1457
111,1724
98,1718
445,1428
444,1417
235,1589
133,1632
59,1789
57,1828
310,1526
88,1772
203,1539
352,1400
54,1883
335,1494
368,1394
412,1420
299,1431
430,1425
452,1463
131,1641
183,1577
456,1434
96,1731
88,1772
139,1684
303,1467
354,1446
337,1565
69,1822
84,1833
38,1904
69,1788
78,1840
174,1644
93,1769
277,1496
345,1432
350,1470
174,1611
195,1569
64,1762
379,1510
30,1981
485,1477
235,1497
382,1432
401,1439
375,1472
360,1349
158,1638
332,1382
196,1509
134,1690
440,1455
350,1461
230,1474
297,1396
195,1583
122,1629
163,1545
22,1932
280,1411
11,1946
250,1477
170,1613
457,1475
40,1959
74,1749
216,1456
191,1481
112,1729
126,1708
152,1656
349,1490
189,1530
336,1423
109,1674
180,1481
277,1489
214,1566
14,1930
143,1628
14,1951
327,1458
438,1443
48,1846
372,1482
248,1508
335,1488
255,1524
399,1392
340,1505
484,1463
25,1933
374,1456
204,1525
479,1481
169,1649
290,1491
347,1409
92,1719
377,1428
487,1505
44,1893
124,1713
183,1598
457,1388
319,1424
36,1869
475,1541
22,2005
373,1421
386,1489
424,1440
126,1695
460,1471
40,1969
225,1548
199,1547
256,1588
302,1456
159,1638
362,1422
182,1559
152,1638
367,1441
71,1820
115,1572
215,1524
313,1448
133,1678
24,1959
294,1375
35,1890
287,1481
141,1737
298,1469
194,1615
78,1734
37,1899
136,1686
44,1845
435,1485
425,1401
358,1378
183,1605
289,1529
103,1769
338,1445
392,1425
185,1566
447,1469
411,1381
276,1444
159,1675
366,1465
224,1529
486,1508
130,1685
470,1546
361,1391
323,1426
117,1712
211,1583
180,1641
377,1499
399,1410
222,1486
172,1595
396,1487
94,1752
221,1521
379,1458
180,1574
299,1469
268,1484
182,1589
310,1435
113,1709
392,1433
174,1569
318,1413
398,1382
315,1486
468,1517
457,1489
121,1712
26,2035
397,1422
17,1947
50,1861
376,1439
31,1835
105,1767
292,1447
67,1796
143,1667
168,1596
68,1805
269,1442
440,1406
112,1740
231,1534
180,1657
382,1374
362,1434
360,1425
325,1430
421,1468
482,1484
259,1524
72,1759
410,1429
258,1444
104,1696
59,1786
109,1753
375,1423
244,1513
26,1840
403,1467
124,1687
313,1458
415,1491
329,1457
232,1456
423,1466
285,1507
23,1868
280,1476
262,1433
308,1493
322,1456
412,1438
446,1444
305,1425
104,1709
238,1493
416,1460
373,1437
215,1531
31,1815
231,1577
249,1541
209,1515
40,1883
281,1480
63,1875
368,1487
417,1440
30,1860
337,1462
475,1548
47,1839
335,1445
151,1643
128,1656
167,1540
471,1426
272,1499
269,1481
386,1436
92,1714
290,1470
418,1455
412,1421
295,1466
180,1575
359,1444
24,1982
441,1425
294,1550
492,1623
170,1632
304,1500
305,1439
32,1908
480,1491
327,1479
436,1452
201,1607
110,1775
128,1681
307,1427
317,1499
359,1454
345,1445
136,1634
298,1467
356,1432
403,1375
157,1649
72,1834
141,1652
477,1486
152,1697
239,1522
280,1490
328,1453
440,1511
410,1483
477,1534
263,1511
314,1488
26,1890
277,1476
20,1965
231,1576
163,1663
130,1669
377,1427
354,1425
438,1397
474,1491
447,1449
370,1426
74,1854
72,1795
35,1877
204,1595
254,1557
68,1815
131,1664
308,1453
129,1717
148,1635
440,1469
421,1415
293,1596
231,1509
428,1468
400,1462
106,1761
36,1863
102,1750
420,1461
371,1399
104,1727
184,1528
142,1621
235,1465
46,1872
30,1927
355,1443
127,1724
244,1541
78,1816
106,1729
307,1507
328,1419
11,1948
352,1430
137,1671
188,1649
358,1478
411,1410
428,1524
403,1404
432,1458
106,1774
297,1481
243,1502
46,1904
480,1546
458,1479
26,1930
375,1479
45,1837
164,1584
57,1860
176,1630
458,1393
431,1474
327,1461
407,1463
461,1471
489,1427
478,1484
440,1523
308,1492
123,1662
395,1480
387,1486
98,1723
431,1437
196,1495
185,1561
343,1425
150,1670
181,1614
28,1946
405,1429
69,1823
168,1689
43,1938
178,1664
416,1471
466,1543
281,1546
225,1586
81,1829
238,1481
296,1517
448,1406
361,1455
382,1505
179,1608
288,1409
175,1567
365,1450
361,1385
416,1480
255,1486
352,1475
259,1533
106,1713
392,1551
498,1482
419,1452
305,1486
268,1546
10,1991
470,1467
228,1582
443,1464
36,1890
309,1473
351,1434
64,1854
212,1560
152,1643
103,1751
219,1509
53,1877
481,1427
361,1372
223,1539
206,1502
334,1410
159,1658
455,1495
378,1460
444,1480
176,1620
415,1491
400,1443
59,1804
262,1469
447,1461
222,1546
492,1499
339,1367
123,1625
149,1682
455,1432
366,1395
224,1564
431,1476
214,1481
76,1840
463,1443
103,1674
50,1942
204,1502
395,1398
322,1509
324,1441
423,1406
198,1541
357,1432
254,1481
186,1527
186,1653
386,1524
52,1828
241,1481
491,1453
360,1489
154,1625
67,1763
210,1489
29,1915
342,1508
63,1818
484,1467
493,1451
133,1665
67,1808
269,1499
100,1738
81,1800
457,1472
146,1574
222,1535
300,1473
390,1483
165,1617
164,1580
208,1466
187,1609
182,1548
491,1487
279,1488
38,1892
119,1710
325,1453
166,1581
66,1761
255,1546
386,1470
326,1406
222,1478
197,1580
122,1661
331,1409
60,1819
19,1950
353,1458
100,1805
60,1882
252,1455
361,1408
480,1509
185,1584
66,1859
445,1417
245,1507
237,1531
322,1514
350,1429
351,1480
224,1511
383,1444
21,1909
470,1474
299,1434
482,1495
459,1427
434,1412
191,1515
286,1527
385,1510
360,1489
411,1492
473,1423
471,1440
362,1475
311,1430
272,1478
431,1399
285,1482
397,1532
20,1990
271,1488
368,1390
251,1447
144,1671
54,1822
39,1893
371,1379
480,1465
37,1877
367,1425
236,1581
65,1795
138,1648
353,1440
325,1445
441,1559
37,1900
192,1584
107,1678
346,1446
97,1752
296,1494
413,1450
452,1431
38,1928
293,1456
343,1472
435,1433
201,1506
389,1483
163,1643
498,1561
393,1459
245,1432
20,1935
153,1669
429,1471
294,1435
356,1367
294,1427
421,1429
105,1732
420,1509
276,1459
182,1547
209,1519
449,1516
186,1634
318,1511
372,1424
333,1399
445,1434
130,1745
213,1472
169,1656
196,1490
213,1487
252,1490
201,1558
321,1408
453,1464
418,1359
225,1525
93,1722
315,1421
243,1487
16,1958
361,1491
124,1680
15,1986
220,1472
61,1823
155,1680
277,1475
244,1472
120,1697
174,1567
275,1531
352,1439
475,1440
30,1918
447,1526
383,1425
150,1639
459,1427
263,1518
75,1798
155,1602
300,1491
377,1425
107,1778
242,1415
467,1470
110,1704
425,1423
290,1527
161,1631
478,1480
304,1522
325,1452
235,1501
35,1917
264,1358
307,1478
304,1439
78,1731
335,1445
361,1448
306,1526
169,1569
17,1957
27,1938
195,1576
383,1444
138,1671
161,1569
184,1617
346,1481
72,1786
411,1433
413,1417
35,1825
123,1710
231,1512
110,1741
356,1448
432,1409
32,1891
355,1448
14,1900
23,1989
108,1736
265,1450
126,1655
233,1497
438,1445
461,1434
31,1922
122,1696
42,1925
278,1412
337,1479
111,1756
439,1541
210,1612
451,1437
117,1701
421,1595
138,1606
152,1690
400,1458
410,1453
469,1491
320,1419
456,1477
128,1643
230,1539
321,1422
23,1953
86,1752
126,1694
65,1782
425,1388
243,1462
134,1625
382,1490
34,1908
100,1716
417,1406
406,1406
102,1802
167,1670
228,1519
16,1997
150,1711
144,1598
108,1737
207,1537
31,1882
324,1470
407,1458
30,1895
27,1938
57,1834
102,1765
35,1916
48,1908
174,1679
199,1512
457,1514
379,1415
455,1434
493,1553
165,1598
404,1326
410,1369
277,1492
37,1879
225,1517
40,1882
494,1449
449,1509
265,1535
193,1658
422,1414
398,1423
128,1654
300,1453
390,1480
150,1608
380,1424
438,1485
82,1740
424,1461
480,1476
388,1511
153,1737
447,1480
477,1502
254,1507
56,1849
145,1684
185,1589
218,1600
201,1551
315,1475
156,1612
52,1907
494,1460
374,1450
100,1735
344,1446
97,1692
206,1583
190,1481
184,1584
303,1395
66,1805
274,1459
354,1425
152,1717
245,1536
36,1897
452,1472
182,1528
15,1856
48,1923
25,1937
265,1535
316,1463
294,1474
234,1513
91,1824
365,1416
498,1524
266,1494
150,1692
399,1522
29,1852
111,1677
363,1477
91,1766
135,1688
464,1442
46,1871
473,1405
471,1437
471,1533
397,1408
151,1686
74,1777
321,1450
426,1457
209,1513
356,1469
234,1588
259,1521
387,1390
359,1451
413,1496
399,1415
394,1448
18,1914
64,1799
41,1872
362,1446
259,1543
27,1910
302,1449
200,1608
284,1460
362,1469
142,1616
321,1448
149,1701
458,1403
207,1548
218,1488
401,1461
142,1679
492,1432
293,1453
472,1405
325,1452
101,1760
353,1473
99,1783
81,1806
364,1400
89,1783
80,1812
26,1942
60,1800
448,1484
108,1811
329,1527
424,1495
196,1544
80,1745
60,1806
332,1453
27,1962
126,1720
164,1598
218,1507
169,1579
84,1750
213,1595
183,1557
173,1636
85,1679
149,1653
324,1411
221,1415
179,1530
332,1438
296,1492
270,1511
93,1815
241,1481
372,1446
184,1631
257,1549
179,1625
266,1531
193,1575
148,1639
246,1463
178,1557
301,1469
132,1613
296,1510
328,1450
97,1804
456,1451
408,1432
322,1422
395,1404
294,1460
324,1474
306,1443
351,1457
50,1822
260,1428
148,1681
257,1555
104,1755
391,1378
477,1471
372,1410
432,1453
216,1492
108,1769
474,1464
141,1683
253,1523
40,1878
230,1463
295,1522
454,1538
462,1444
102,1685
29,1973
466,1462
254,1457
366,1390
279,1509
128,1668
53,1884
27,1907
442,1401
218,1525
90,1700
451,1455
262,1455
335,1408
286,1508
258,1488
191,1487
307,1447
275,1525
373,1491
357,1456
110,1686
310,1460
192,1590
30,1986
458,1427
306,1435
77,1792
238,1479
246,1492
445,1436
121,1747
143,1659
34,1910
74,1795
237,1481
263,1536
243,1526
428,1461
268,1525
117,1686
305,1522
73,1788
225,1569
96,1704
99,1740
462,1510
43,1890
254,1555
445,1439
215,1563
289,1422
391,1463
175,1594
362,1390
190,1579
449,1519
26,1923
490,1505
245,1511
245,1506
152,1601
364,1456
23,1899
198,1637
458,1426
439,1507
23,1873
367,1437
246,1484
174,1566
85,1801
382,1463
236,1461
41,1891
11,1980
362,1449
411,1435
120,1662
259,1546
153,1644
354,1392
355,1510
270,1385
153,1585
117,1716
345,1425
20,1949
17,1933
460,1456
318,1405
325,1457
217,1499
16,1962
229,1556
139,1685
380,1431
364,1397
40,1852
276,1455
242,1561
468,1461
74,1730
70,1774
194,1607
103,1750
103,1775
298,1426
149,1640
467,1412
192,1553
247,1590
308,1461
461,1506
115,1685
129,1665
490,1511
111,1795
360,1417
232,1580
270,1553
328,1423
478,1461
27,1919
347,1421
141,1674
443,1382
285,1407
62,1860
157,1713
249,1543
63,1765
37,1855
248,1483
86,1709
172,1504
411,1464
426,1385
302,1441
237,1464
146,1681
35,1887
10,1942
162,1690
97,1743
167,1589
51,1857
85,1813
245,1535
260,1502
408,1420
221,1487
228,1588
102,1762
331,1482
24,1991
108,1739
275,1558
194,1521
163,1615
427,1426
17,1981
195,1473
74,1742
265,1432
152,1583
205,1528
460,1484
51,1832
139,1641
412,1454
412,1532
311,1452
370,1425
348,1462
258,1527
93,1727
186,1527
257,1477
195,1644
430,1409
331,1474
290,1516
368,1473
479,1478
427,1382
351,1436
213,1474
247,1481
432,1446
149,1638
185,1566
119,1641
392,1428
488,1482
126,1703
325,1437
489,1457
365,1468
151,1680
163,1630
229,1509
10,1997
147,1667
224,1508
428,1459
472,1442
62,1843
390,1403
438,1428
145,1656
11,1992
413,1435
178,1599
372,1375
38,1921
328,1436
395,1329
49,1909
434,1463
437,1485
137,1656
444,1471
472,1494
62,1801
333,1384
499,1453
278,1432
259,1498
165,1609
305,1386
116,1799
238,1486
158,1588
472,1414
327,1454
298,1440
190,1551
250,1500
213,1474
295,1464
205,1533
48,1888
148,1645
117,1670
484,1488
377,1399
475,1493
471,1516
152,1636
58,1853
427,1394
224,1478
492,1417
206,1497
458,1472
227,1588
147,1635
88,1732
489,1458
307,1400
353,1449
301,1509
54,1856
345,1553
19,1972
363,1390
369,1445
387,1405
407,1415
206,1548
27,2000
386,1380
447,1449
273,1460
360,1463
117,1709
69,1813
347,1461
150,1644
238,1510
148,1596
268,1488
409,1381
81,1739
218,1506
322,1438
239,1581
22,1834
58,1859
300,1507
310,1514
369,1427
145,1649
348,1473
179,1566
129,1618
88,1841
255,1439
328,1522
464,1413
394,1435
68,1800
86,1742
326,1460
442,1483
263,1453
284,1421
448,1511
66,1789
72,1756
459,1451
415,1453
17,1981
52,1793
162,1611
291,1509
469,1412
268,1434
286,1472
462,1445
149,1659
36,1911
257,1414
394,1405
180,1593
460,1422
191,1590
63,1790
445,1432
456,1492
126,1717
339,1494
278,1442
284,1446
360,1428
470,1487
125,1678
103,1712
215,1547
67,1851
41,1847
371,1466
58,1898
111,1715
366,1494
151,1604
55,1776
366,1474
101,1800
198,1540
29,1935
162,1631
468,1379
198,1627
36,1876
258,1545
422,1504
334,1465
480,1448
252,1546
248,1516
58,1812
26,1889
140,1613
462,1418
449,1443
191,1557
145,1604
64,1804
234,1511
471,1522
435,1423
168,1633
273,1488
330,1474
14,1944
380,1441
496,1493
142,1704
43,1867
248,1441
10,1995
327,1466
19,1963
495,1494
303,1530
343,1448
17,1980
162,1632
102,1686
443,1531
326,1488
46,1882
222,1506
40,1953
119,1641
435,1443
161,1645
370,1498
350,1452
460,1453
489,1455
199,1565
143,1649
464,1440
60,1877
408,1439
427,1432
457,1438
439,1425
247,1548
85,1815
262,1524
219,1557
162,1640
431,1499
199,1535
75,1749
350,1506
32,1880
426,1515
455,1473
36,1879
326,1423
129,1684
166,1587
56,1846
303,1479
346,1463
81,1731
70,1840
30,1985
288,1512
323,1431
189,1588
155,1631
53,1821
81,1754
189,1569
455,1434
353,1467
18,1927
486,1458
468,1473
54,1905
429,1409
337,1356
205,1545
311,1472
97,1709
314,1461
139,1653
85,1775
213,1552
419,1459
348,1411
483,1537
353,1455
456,1483
435,1543
69,1880
324,1455
34,1896
498,1507
409,1384
458,1505
263,1455
390,1443
425,1487
441,1463
262,1453
322,1402
417,1427
241,1496
129,1688
171,1583
187,1556
477,1397
224,1575
101,1704
61,1877
91,1810
105,1747
71,1866
382,1431
193,1535
311,1409
48,1813
48,1847
450,1444
293,1483
174,1598
355,1435
228,1536
200,1509
258,1526
388,1387
420,1452
54,1791
388,1548
474,1494
408,1461
377,1416
406,1436
95,1745
308,1425
492,1604
319,1394
160,1610
458,1487
72,1796
111,1758
209,1545
382,1498
462,1408
176,1554
385,1408
71,1876
264,1446
384,1510
364,1379
191,1528
242,1512
343,1447
139,1712
258,1541
12,1956
412,1430
467,1469
331,1436
310,1489
407,1422
220,1577
246,1529
272,1489
12,1919
394,1330
445,1442
70,1809
416,1451
406,1451
70,1822
431,1471
437,1435
19,1902
236,1489
424,1463
426,1436
417,1424
278,1523
235,1538
254,1507
28,2001
221,1556
71,1868
204,1473
92,1680
440,1440
40,1886
412,1471
51,1849
228,1532
276,1479
248,1480
305,1549
340,1476
474,1472
363,1428
379,1585
210,1517
432,1438
499,1518
352,1386
401,1474
342,1442
171,1630
435,1437
260,1537
218,1521
185,1578
117,1788
111,1692
408,1433
296,1452
56,1842
57,1878
396,1423
310,1439
187,1650
300,1474
45,1866
462,1499
419,1464
227,1518
136,1715
61,1721
289,1528
271,1469
336,1460
317,1447
37,1883
54,1774
87,1823
48,1851
478,1526
148,1698
213,1629
379,1425
258,1526
187,1596
171,1640
300,1435
125,1673
464,1469
254,1506
288,1458
138,1625
413,1401
169,1643
107,1770
191,1641
123,1677
413,1396
343,1458
206,1541
225,1522
414,1426
341,1449
331,1454
392,1506
467,1553
150,1588
232,1570
55,1920
417,1480
385,1494
419,1497
42,1878
50,1863
225,1540
10,1973
274,1552
488,1530
196,1554
130,1702
97,1708
436,1468
35,1879
48,1888
319,1395
382,1460
159,1639
362,1424
489,1501
234,1543
466,1449
408,1443
479,1466
473,1459
364,1456
354,1428
108,1710
34,1892
119,1692
110,1696
378,1425
132,1673
446,1452
275,1445
217,1581
411,1397
118,1674
315,1512
38,1908
410,1491
323,1449
269,1452
77,1790
446,1520
88,1797
264,1489
141,1614
22,1962
187,1537
62,1799
65,1753
335,1439
334,1403
64,1768
298,1525
463,1468
427,1428
78,1803
249,1499
67,1825
301,1490
278,1578
357,1403
144,1567
66,1800
146,1674
291,1473
362,1395
320,1469
32,1856
366,1434
193,1556
163,1586
125,1668
84,1804
442,1461
86,1737
61,1799
484,1452
459,1413
198,1655
281,1392
358,1442
157,1574
105,1708
480,1520
261,1517
82,1765
489,1479
141,1666
315,1377
307,1414
120,1683
147,1646
397,1421
65,1832
212,1584
331,1460
229,1543
199,1522
149,1571
49,1879
478,1510
310,1480
491,1495
257,1537
235,1462
45,1864
443,1483
319,1369
460,1464
48,1836
399,1456
330,1477
498,1526
21,1933
496,1470
263,1465
10,1982
93,1778
173,1648
175,1561
441,1452
440,1452
268,1480
187,1590
444,1465
182,1554
157,1585
247,1524
183,1548
337,1480
148,1613
373,1423
449,1434
394,1493
39,1964
69,1813
434,1427
189,1555
471,1509
29,1907
119,1752
295,1459
310,1503
213,1536
277,1439
381,1377
304,1479
75,1742
224,1573
387,1397
468,1491
185,1646
278,1509
327,1430
27,2020
156,1688
164,1654
404,1440
39,1868
138,1757
470,1471
452,1438
145,1641
72,1762
159,1597
157,1642
343,1452
151,1654
345,1395
156,1649
304,1440
389,1456
102,1793
303,1510
466,1502
315,1453
399,1442
35,1877
186,1610
109,1683
29,1853
370,1422
162,1554
145,1617
120,1718
113,1628
420,1449
137,1686
30,1951
212,1513
476,1418
406,1364
184,1604
398,1418
99,1719
80,1784
150,1688
249,1407
97,1723
377,1469
161,1642
235,1511
48,1937
205,1561
93,1699
214,1517
66,1883
320,1456
325,1475
318,1513
487,1585
366,1388
160,1618
181,1594
455,1470
86,1806
498,1542
377,1444
431,1450
323,1383
384,1421
374,1487
407,1403
173,1642
450,1411
65,1843
178,1604
398,1408
84,1654
153,1639
341,1440
282,1502
168,1619
209,1503
405,1392
401,1526
278,1474
384,1427
160,1611
270,1496
465,1482
268,1428
136,1616
462,1531
307,1470
307,1428
290,1408
105,1699
89,1708
84,1746
161,1639
114,1753
97,1738
135,1637
447,1436
432,1417
325,1351
390,1415
55,1853
454,1481
439,1531
415,1447
347,1469
474,1459
74,1796
149,1657
96,1762
273,1546
362,1453
277,1566
90,1747
231,1401
368,1510
244,1488
86,1789
453,1534
414,1412
134,1671
274,1489
128,1701
293,1584
464,1475
219,1517
179,1636
298,1409
311,1538
329,1448
416,1415
446,1453
74,1708
320,1378
432,1436
201,1585
131,1618
220,1513
412,1467
13,1986
16,1929
422,1474
121,1687
496,1499
340,1427
102,1762
262,1493
273,1457
310,1466
466,1522
270,1366
488,1499
72,1761
339,1391
180,1511
97,1758
154,1650
248,1548
340,1426
43,1945
353,1445
273,1443
258,1499
437,1385
496,1506
417,1431
139,1727
401,1400
296,1335
120,1668
309,1441
428,1354
67,1764
265,1508
13,1957
213,1616
128,1660
368,1531
89,1745
31,1873
218,1495
482,1415
195,1613
280,1426
157,1694
296,1490
251,1516
334,1460
231,1533
191,1536
196,1586
255,1466
263,1499
228,1531
439,1448
407,1441
474,1472
487,1497
375,1463
141,1578
499,1484
205,1520
76,1843
272,1504
381,1393
304,1554
236,1466
342,1414
301,1456
60,1765
301,1473
120,1692
229,1529
297,1414
245,1520
215,1546
429,1419
172,1560
132,1660
367,1406
137,1652
312,1500
325,1447
462,1470
399,1411
405,1503
432,1424
125,1666
199,1580
372,1395
186,1589
21,1914
81,1854
118,1665
347,1420
380,1418
155,1638
339,1450
207,1511
270,1472
118,1710
96,1786
98,1716
272,1398
308,1463
386,1406
310,1489
206,1506
296,1431
391,1478
156,1551
124,1660
493,1512
53,1745
123,1627
300,1450
180,1568
258,1451
137,1642
82,1835
389,1479
225,1511
155,1592
326,1540
181,1626
338,1524
190,1489
321,1402
111,1713
299,1465
170,1622
269,1464
221,1561
416,1426
315,1496
429,1470
227,1473
456,1446
180,1582
458,1419
304,1421
436,1434
41,1945
249,1524
124,1701
357,1377
97,1770
22,1892
453,1463
362,1515
21,1989
426,1489
134,1638
151,1614
22,1937
185,1587
70,1820
328,1397
450,1496
174,1621
356,1457
141,1588
205,1535
241,1436
194,1514
376,1420
327,1406
281,1438
48,1851
328,1459
369,1435
91,1775
281,1502
184,1553
488,1452
227,1504
32,1920
445,1502
129,1605
387,1452
385,1499
121,1696
121,1786
451,1445
203,1560
322,1429
175,1628
468,1437
14,1913
312,1412
407,1403
217,1529
57,1869
50,1914
188,1615
46,1840
158,1559
401,1413
215,1533
146,1708
405,1443
472,1434
34,1992
286,1490
183,1548
235,1518
35,1844
263,1542
127,1723
333,1527
162,1629
433,1421
169,1556
71,1860
38,1891
479,1404
107,1696
28,1942
187,1553
335,1389
157,1648
473,1544
106,1740
402,1439
351,1539
299,1428
348,1432
129,1664
242,1469
178,1564
302,1453
77,1717
206,1567
201,1597
341,1440
106,1784
60,1805
68,1819
466,1479
456,1455
136,1656
181,1602
385,1401
102,1750
487,1457
102,1754
182,1536
189,1556
26,1963
44,1835
22,1899
55,1853
429,1463
13,2007
326,1418
202,1495
495,1481
52,1885
292,1429
229,1495
98,1717
481,1515
459,1455
288,1467
316,1399
351,1482
347,1430
193,1517
317,1487
63,1871
153,1679
233,1548
332,1388
266,1500
107,1744
419,1450
369,1484
453,1431
463,1536
309,1434
45,1866
18,1924
144,1680
40,1905
426,1501
319,1363
205,1551
335,1464
212,1566
113,1695
214,1548
338,1462
60,1799
391,1402
155,1661
35,1900
480,1478
224,1554
60,1795
199,1499
398,1414
147,1625
440,1409
49,1897
220,1513
337,1471
280,1545
412,1460
333,1413
364,1451
174,1669
213,1597
296,1552
345,1425
457,1446
497,1523
350,1396
192,1576
134,1639
349,1399
325,1417
131,1694
187,1556
415,1455
309,1498
334,1471
145,1697
273,1502
42,1872
484,1557
39,1862
101,1721
497,1411
252,1494
219,1450
131,1649
381,1443
403,1487
177,1568
278,1514
494,1432
454,1432
180,1587
64,1843
497,1543
444,1444
96,1757
128,1687
412,1413
63,1876
32,1951
327,1401
434,1473
345,1489
264,1514
405,1397
237,1469
141,1617
21,1941
420,1374
23,1976
25,1933
102,1603
387,1526
405,1387
446,1514
280,1492
10,2016
293,1421
273,1493
361,1454
385,1487
98,1699
236,1519
85,1808
197,1521
143,1600
200,1509
232,1499
131,1654
18,1970
317,1460
482,1483
319,1423
221,1534
495,1519
88,1700
319,1425
137,1681
173,1611
419,1461
366,1412
178,1596
20,1945
72,1823
420,1450
48,1852
286,1442
126,1653
399,1376
148,1632
311,1387
424,1436
449,1377
84,1816
316,1486
118,1707
145,1568
92,1751
489,1498
227,1485
247,1423
494,1570
180,1585
382,1451
43,1878
56,1888
281,1485
234,1539
172,1601
275,1464
237,1499
352,1395
320,1450
134,1686
313,1475
498,1486
269,1526
284,1416
69,1858
476,1442
307,1429
499,1422
279,1429
42,1890
441,1467
63,1871
189,1631
430,1416
375,1435
475,1395
145,1617
339,1444
168,1514
44,1816
448,1465
226,1492
162,1593
369,1460
376,1422
375,1401
12,2008
280,1569
361,1460
30,1924
67,1878
490,1438
176,1641
420,1485
279,1425
301,1468
55,1832
242,1475
147,1549
161,1648
403,1401
104,1728
368,1453
67,1833
165,1643
333,1431
251,1542
441,1402
28,1982
241,1546
409,1373
233,1547
79,1753
444,1408
339,1512
452,1425
246,1449
281,1432
267,1428
209,1498
114,1824
176,1608
334,1393
231,1579
17,1906
102,1714
12,1962
342,1468
445,1465
292,1450
444,1489
469,1508
454,1393
316,1471
305,1409
252,1475
271,1504
112,1714
58,1863
152,1627
183,1512
440,1397
388,1434
81,1817
113,1666
132,1660
317,1460
481,1507
169,1617
40,1890
175,1581
320,1391
396,1458
441,1461
236,1543
406,1510
137,1662
195,1526
248,1509
51,1895
178,1581
259,1481
408,1487
419,1524
149,1630
261,1455
226,1521
229,1557
156,1681
466,1493
108,1700
438,1430
301,1488
41,1871
204,1539
142,1574
325,1444
253,1507
498,1579
91,1716
179,1618
385,1476
316,1460
472,1544
226,1557
411,1468
464,1447
287,1481
225,1490
44,1838
31,1927
420,1477
395,1443
326,1484
212,1519
259,1546
134,1715
120,1739
419,1413
400,1456
220,1623
110,1641
348,1437
211,1570
248,1474
488,1469
330,1428
474,1443
339,1465
301,1406
158,1584
410,1414
179,1652
437,1514
436,1459
204,1626
252,1496
315,1521
287,1490
359,1448
262,1460
443,1457
45,1856
78,1752
268,1451
202,1566
90,1720
319,1479
189,1559
31,1906
484,1512
42,1820
414,1332
138,1625
141,1692
178,1619
143,1600
37,1864
469,1477
374,1426
480,1504
244,1525
21,2000
115,1752
185,1591
195,1573
122,1734
310,1532
298,1415
158,1618
384,1399
114,1757
258,1521
323,1416
497,1519
100,1709
59,1845
361,1498
10,1994
41,1939
204,1613
106,1688
394,1511
33,1865
156,1545
411,1433
105,1671
437,1442
399,1461
218,1613
21,1902
171,1568
429,1466
112,1690
201,1575
75,1894
413,1368
477,1495
193,1522
440,1426
48,1870
320,1450
66,1823
316,1470
73,1777
361,1503
396,1398
99,1748
434,1495
213,1506
315,1436
140,1653
421,1433
210,1526
483,1505
399,1441
270,1471
210,1501
448,1374
363,1484
485,1478
35,1854
322,1489
264,1395
319,1560
455,1496
108,1664
458,1432
77,1804
388,1435
470,1509
369,1483
446,1422
30,1905
475,1474
93,1675
141,1664
105,1654
164,1652
354,1409
336,1438
438,1445
359,1399
352,1426
38,1876
130,1694
194,1478
158,1605
490,1606
91,1774
292,1454
215,1553
49,1839
424,1503
243,1527
273,1425
134,1676
460,1463
172,1642
367,1384
340,1427
493,1462
253,1442
116,1657
125,1670
363,1504
96,1748
206,1572
423,1431
430,1408
153,1625
279,1471
464,1527
126,1716
106,1735
265,1421
11,1987
183,1622
14,1943
54,1873
54,1881
240,1500
325,1435
152,1594
389,1477
51,1898
395,1483
481,1489
166,1613
102,1763
222,1550
162,1621
415,1487
348,1509
199,1651
389,1395
150,1655
199,1582
431,1462
393,1504
194,1585
298,1568
264,1525
42,1819
321,1469
405,1423
375,1496
224,1528
260,1462
486,1497
422,1434
436,1406
69,1766
330,1480
161,1608
78,1835
450,1380
44,1868
182,1643
462,1497
150,1665
169,1630
192,1521
371,1458
36,1940
97,1709
12,1921
138,1695
328,1454
389,1403
102,1810
182,1570
95,1781
206,1474
52,1866
478,1455
132,1698
21,1990
485,1536
212,1540
152,1666
134,1772
303,1454
327,1442
300,1418
249,1517
118,1682
281,1445
494,1419
201,1520
152,1602
233,1569
73,1794
451,1425
260,1559
89,1795
362,1402
177,1608
322,1499
413,1421
174,1607
240,1439
390,1459
41,1963
83,1830
409,1438
398,1409
393,1452
285,1534
65,1812
100,1742
308,1416
392,1412
453,1450
59,1824
68,1785
93,1728
406,1490
412,1466
117,1742
472,1507
303,1497
164,1647
371,1503
474,1564
467,1488
301,1506
113,1645
398,1435
60,1878
379,1359
441,1514
36,1829
68,1885
319,1532
421,1372
461,1494
336,1448
273,1524
24,1929
498,1494
294,1501
240,1560
210,1487
413,1487
202,1587
16,1946
171,1543
275,1461
388,1454
114,1626
313,1488
79,1779
418,1525
213,1555
369,1387
306,1491
368,1445
87,1767
404,1516
277,1439
220,1580
179,1591
229,1541
62,1870
220,1471
422,1455
54,1858
108,1710
32,1874
453,1471
89,1800
238,1577
69,1855
30,1903
68,1857
177,1575
266,1417
375,1496
253,1447
238,1480
418,1446
25,1922
298,1381
482,1461
31,1945
332,1461
204,1578
468,1388
52,1796
445,1480
72,1888
398,1434
373,1446
34,1913
303,1494
190,1537
153,1716
233,1576
102,1767
79,1769
479,1503
466,1491
403,1410
448,1416
407,1460
368,1430
349,1484
334,1393
336,1455
369,1490
319,1471
321,1503
471,1521
322,1447
152,1621
474,1524
391,1458
221,1547
25,1963
242,1506
158,1599
340,1513
77,1799
162,1578
331,1467
331,1457
228,1511
104,1752
312,1451
209,1516
121,1658
337,1397
142,1702
415,1476
372,1469
206,1575
433,1404
57,1784
463,1418
175,1622
336,1397
283,1506
34,1939
76,1818
98,1736
414,1478
104,1725
375,1493
314,1485
435,1416
89,1731
317,1430
329,1436
351,1402
124,1719
134,1693
230,1511
213,1591
127,1684
439,1398
52,1817
328,1457
394,1494
163,1632
211,1508
290,1443
98,1760
116,1667
141,1728
347,1488
69,1815
308,1491
81,1789
272,1467
410,1448
399,1352
435,1474
437,1437
158,1687
11,1989
406,1450
41,1838
214,1525
38,1901
142,1698
127,1701
355,1444
495,1496
361,1497
121,1741
475,1506
26,1949
477,1493
408,1462
453,1396
216,1528
248,1532
461,1460
210,1532
437,1490
298,1393
388,1413
275,1417
184,1636
372,1433
138,1718
49,1851
382,1379
82,1768
31,1978
35,1933
300,1466
42,1886
19,1936
198,1542
431,1463
132,1613
412,1446
205,1543
348,1432
144,1615
149,1655
100,1801
425,1425
292,1479
450,1473
94,1814
319,1396
462,1478
348,1479
124,1723
382,1412
16,1919
343,1446
210,1583
46,1793
315,1409
390,1454
402,1447
398,1488
63,1931
57,1906
274,1475
189,1543
244,1452
39,1906
343,1368
197,1558
268,1495
189,1649
161,1629
165,1581
176,1621
192,1579
340,1482
218,1597
91,1749
218,1562
162,1702
370,1505
279,1444
478,1427
276,1516
184,1566
292,1523
13,1903
444,1428
114,1701
299,1422
433,1410
80,1760
283,1507
28,1907
475,1497
152,1732
84,1829
149,1662
300,1402
45,1858
254,1530
251,1486
405,1408
153,1707
229,1474
181,1581
240,1491
309,1413
429,1519
452,1418
423,1412
25,1974
345,1451
122,1653
93,1753
18,1911
134,1665
55,1837
398,1389
232,1533
283,1441
437,1371
223,1553
304,1460
331,1396
131,1701
451,1491
332,1445
440,1473
357,1386
340,1469
83,1779
93,1818
104,1656
446,1447
60,1793
438,1428
441,1452
253,1477
128,1647
415,1410
91,1825
21,1947
216,1469
448,1424
363,1456
54,1841
101,1743
456,1490
201,1488
181,1611
280,1517
389,1375
236,1523
410,1347
495,1505
84,1788
326,1406
419,1427
422,1438
253,1497
98,1725
13,2005
420,1459
51,1832
223,1572
161,1640
28,1871
50,1861
100,1763
220,1570
370,1509
150,1686
488,1477
75,1719
356,1466
73,1793
465,1507
149,1644
38,1848
422,1427
223,1542
295,1464
82,1760
206,1558
391,1436
109,1701
22,1968
376,1469
139,1675
42,1868
269,1504
449,1433
83,1821
450,1472
362,1452
267,1531
134,1666
200,1575
277,1455
153,1593
69,1840
236,1496
449,1434
338,1427
140,1702
229,1499
189,1642
25,1870
497,1523
220,1512
468,1451
239,1521
183,1558
296,1434
10,2007
448,1408
39,1807
478,1486
472,1451
25,1907
77,1755
97,1685
177,1620
96,1700
26,1942
108,1748
385,1424
291,1455
300,1457
472,1507
408,1457
420,1482
337,1410
254,1521
152,1619
126,1738
465,1524
269,1421
458,1427
290,1429
492,1485
145,1620
442,1397
410,1470
37,1898
463,1422
389,1404
372,1375
15,1884
320,1367
394,1379
76,1744
189,1568
210,1518
472,1474
49,1874
93,1808
153,1609
83,1791
87,1800
384,1391
409,1374
24,1894
178,1585
355,1385
19,1951
497,1544
325,1478
405,1377
302,1484
265,1466
279,1496
418,1426
231,1506
446,1469
167,1674
452,1470
456,1427
364,1432
472,1520
232,1537
111,1651
389,1448
155,1666
391,1519
336,1390
460,1432
14,1996
98,1732
281,1459
216,1516
349,1453
50,1897
197,1544
95,1695
428,1472
292,1423
277,1498
426,1449
161,1611
163,1586
381,1426
495,1491
363,1426
406,1497
485,1488
285,1419
209,1504
187,1587
127,1612
217,1587
171,1658
129,1624
105,1740
249,1517
295,1524
492,1539
153,1591
185,1566
402,1400
191,1551
168,1563
412,1374
171,1694
71,1737
217,1563
97,1703
153,1561
344,1403
40,1928
189,1608
321,1511
208,1558
309,1386
408,1424
459,1487
136,1665
240,1480
125,1650
479,1493
289,1488
482,1491
326,1491
263,1410
405,1428
125,1684
124,1713
151,1694
299,1484
247,1512
285,1454
328,1474
87,1773
347,1423
44,1915
72,1794
346,1449
185,1547
182,1603
224,1542
223,1504
442,1488
40,1906
38,1883
290,1454
233,1522
232,1579
271,1460
46,1843
154,1695
296,1549
67,1784
414,1445
139,1608
272,1455
356,1429
159,1624
13,1904
484,1479
310,1464
489,1470
94,1794
108,1730
210,1575
101,1705
147,1628
379,1408
224,1539
161,1621
322,1402
141,1641
346,1516
185,1497
225,1485
67,1859
394,1439
366,1482
203,1583
305,1526
57,1766
190,1575
271,1525
407,1499
256,1480
71,1882
45,1840
286,1463
162,1655
63,1844
465,1474
125,1691
36,1906
87,1880
141,1661
119,1711
273,1504
484,1456
476,1454
487,1501
485,1439
228,1497
454,1471
135,1681
302,1524
437,1457
140,1657
186,1444
293,1430
476,1555
111,1642
484,1548
127,1675
224,1562
348,1442
322,1527
150,1561
259,1520
487,1561
178,1580
123,1715
119,1710
337,1421
166,1590
436,1462
315,1390
59,1825
312,1396
335,1422
65,1894
154,1590
38,1875
65,1801
241,1537
61,1841
441,1462
383,1483
11,1930
298,1426
196,1632
246,1585
176,1515
64,1861
44,1847
296,1527
469,1476
168,1521
35,1912
245,1529
233,1524
314,1506
325,1492
250,1505
315,1371
131,1685
197,1556
396,1436
157,1604
449,1391
382,1395
184,1622
11,2010
240,1577
72,1795
374,1436
214,1504
486,1495
456,1461
316,1396
79,1807
51,1788
273,1433
291,1478
447,1419
83,1755
431,1447
193,1601
373,1491
74,1768
331,1480
180,1575
457,1453
44,1880
256,1545
202,1567
205,1547
396,1453
97,1762
320,1377
265,1507
346,1456
420,1476
162,1611
324,1453
477,1475
48,1869
373,1453
447,1488
316,1472
39,1898
463,1414
208,1542
292,1487
142,1587
163,1746
429,1437
404,1402
255,1477
371,1409
193,1619
416,1489
396,1503
216,1515
451,1496
53,1846
254,1532
98,1679
345,1441
105,1691
35,1844
78,1762
19,1899
84,1730
362,1487
485,1484
66,1761
345,1439
437,1445
11,1945
166,1624
117,1692
395,1410
95,1743
84,1816
428,1498
361,1460
494,1527
376,1475
457,1509
142,1735
484,1441
316,1481
213,1633
401,1378
134,1734
140,1615
233,1547
287,1472
328,1450
293,1316
227,1432
54,1829
414,1439
212,1561
36,1868
116,1695
272,1437
239,1463
372,1413
338,1355
312,1472
313,1480
132,1725
363,1544
388,1411
308,1513
35,1886
335,1458
341,1460
387,1481
262,1477
259,1410
430,1435
130,1756
59,1847
309,1515
241,1568
136,1677
384,1418
10,1945
300,1474
333,1469
305,1515
443,1410
209,1510
75,1809
21,1899
124,1717
209,1553
260,1458
178,1678
453,1471
424,1481
94,1787
232,1577
297,1491
157,1636
248,1486
92,1799
184,1643
231,1582
124,1756
82,1791
349,1423
155,1613
121,1693
470,1527
197,1643
295,1506
294,1422
189,1534
316,1461
167,1559
248,1485
334,1425
77,1795
187,1616
68,1776
40,1899
179,1587
170,1602
250,1523
330,1432
28,1932
408,1471
331,1437
333,1455
268,1500
352,1417
369,1419
453,1401
180,1558
62,1778
335,1447
359,1470
416,1470
242,1546
442,1453
280,1474
118,1755
440,1398
123,1627
218,1533
18,1975
203,1515
315,1455
446,1447
114,1670
358,1443
380,1369
435,1471
439,1488
488,1464
361,1472
257,1515
67,1779
266,1478
103,1754
357,1454
262,1433
227,1543
91,1715
257,1429
266,1502
434,1445
381,1442
313,1504
476,1469
364,1406
298,1403
81,1823
356,1452
366,1449
179,1617
401,1497
257,1458
195,1529
117,1697
121,1658
233,1525
220,1517
167,1630
69,1799
493,1505
133,1648
275,1493
457,1493
429,1440
25,1949
268,1468
351,1404
95,1775
94,1758
487,1529
164,1570
75,1786
465,1450
436,1449
160,1573
48,1909
431,1441
370,1360
429,1391
151,1622
382,1386
393,1446
360,1484
450,1431
184,1603
60,1888
156,1505
295,1452
281,1447
85,1744
73,1824
325,1421
225,1535
51,1866
431,1431
454,1523
233,1577
59,1742
284,1495
433,1458
56,1801
71,1808
334,1481
246,1489
183,1560
328,1445
56,1850
395,1440
188,1590
233,1480
137,1693
228,1541
11,2000
302,1407
174,1643
450,1478
159,1577
363,1431
73,1815
228,1585
90,1726
432,1578
96,1735
83,1721
415,1460
280,1452
454,1383
453,1508
315,1462
454,1524
455,1454
393,1399
49,1816
173,1550
372,1460
176,1611
25,1890
321,1425
128,1736
421,1461
300,1504
425,1463
61,1862
312,1460
225,1435
456,1506
414,1433
242,1501
348,1422
169,1604
247,1470
299,1529
445,1461
347,1413
276,1447
340,1426
347,1462
394,1512
433,1431
266,1519
161,1623
50,1802
479,1483
464,1489
383,1461
474,1502
314,1425
149,1669
202,1483
460,1481
120,1651
359,1482
224,1543
68,1761
81,1791
26,1933
143,1644
69,1821
321,1464
149,1617
30,1866
340,1402
203,1548
392,1473
157,1590
329,1422
121,1717
285,1467
104,1649
173,1610
327,1438
33,1863
479,1448
402,1453
195,1595
58,1800
218,1537
235,1500
190,1554
276,1490
399,1430
452,1456
444,1482
186,1555
96,1715
122,1754
256,1537
130,1674
440,1421
310,1502
58,1830
177,1577
227,1581
274,1461
273,1488
442,1427
189,1555
291,1489
253,1511
405,1503
106,1771
329,1512
208,1615
384,1414
345,1401
163,1679
98,1716
385,1440
44,1865
116,1671
358,1416
443,1421
243,1451
357,1421
153,1660
92,1826
177,1602
271,1452
100,1771
76,1787
491,1500
154,1681
297,1496
417,1359
492,1503
172,1586
105,1732
62,1785
389,1433
408,1392
430,1479
418,1494
94,1725
471,1535
416,1473
64,1851
16,1966
270,1510
471,1509
348,1361
116,1726
208,1620
465,1473
77,1826
15,1940
389,1364
366,1407
403,1545
315,1555
378,1425
261,1504
407,1496
22,1939
495,1521
121,1773
371,1455
265,1508
383,1434
80,1757
414,1481
234,1572
404,1412
15,1879
429,1338
84,1788
64,1822
43,1947
487,1479
210,1603
336,1413
439,1475
302,1438
453,1454
411,1330
58,1790
102,1717
350,1421
407,1474
281,1433
163,1650
126,1614
232,1542
316,1435
84,1735
361,1478
355,1508
328,1491
426,1450
69,1878
174,1620
404,1435
157,1578
214,1501
427,1486
197,1543
362,1393
323,1468
180,1582
205,1547
63,1797
465,1367
123,1645
453,1397
276,1514
203,1644
31,1904
13,1846
51,1861
482,1542
61,1834
53,1875
263,1504
379,1431
408,1455
85,1739
362,1438
425,1449
79,1702
116,1701
266,1447
495,1406
113,1710
239,1458
29,1902
245,1508
123,1708
334,1508
46,1760
369,1433
188,1629
11,1946
87,1779
410,1424
59,1795
219,1610
154,1636
113,1737
424,1504
65,1843
371,1480
296,1478
301,1488
284,1444
326,1454
425,1430
346,1444
353,1357
246,1504
497,1506
141,1633
334,1465
382,1424
312,1468
132,1734
50,1825
394,1405
99,1785
435,1421
204,1562
32,1897
278,1375
223,1524
232,1483
326,1455
337,1476
423,1409
183,1562
469,1408
95,1754
308,1449
24,1947
39,1899
453,1470
417,1422
122,1729
136,1688
34,1919
318,1444
451,1508
11,1984
74,1808
349,1381
438,1495
181,1686
163,1599
401,1422
92,1739
168,1595
344,1412
115,1778
317,1481
267,1492
459,1498
59,1868
387,1402
486,1480
234,1527
403,1467
249,1525
55,1847
195,1489
94,1693
222,1511
244,1549
278,1477
444,1453
345,1415
92,1749
481,1517
195,1566
71,1814
288,1376
269,1434
168,1642
401,1444
243,1498
418,1410
319,1420
224,1518
404,1421
229,1538
54,1893
96,1786
54,1801
134,1681
453,1523
457,1472
254,1533
52,1910
134,1679
249,1475
201,1572
440,1398
493,1502
326,1466
235,1429
185,1501
84,1808
250,1431
17,1904
171,1618
17,1910
61,1830
90,1790
479,1506
17,1983
327,1461
330,1490
151,1613
78,1784
356,1435
441,1363
96,1749
149,1684
329,1458
133,1699
295,1456
145,1684
390,1409
497,1507
331,1535
206,1586
214,1537
218,1484
428,1504
88,1845
405,1520
492,1512
115,1593
121,1673
124,1750
76,1796
147,1656
395,1435
152,1641
384,1398
200,1504
144,1572
285,1457
197,1499
273,1543
376,1436
99,1718
67,1838
145,1625
295,1535
118,1708
349,1461
63,1854
191,1528
232,1429
265,1536
389,1469
166,1663
190,1551
231,1575
40,1966
13,1940
422,1449
309,1495
103,1776
392,1526
258,1523
31,1902
135,1693
105,1663
405,1500
39,1883
14,1933
203,1522
388,1425
207,1493
116,1696
116,1694
428,1422
83,1771
345,1444
57,1809
479,1498
444,1433
87,1743
497,1539
153,1657
57,1909
432,1459
138,1672
390,1474
25,1893
29,1898
425,1494
395,1451
68,1773
260,1547
452,1421
479,1502
270,1482
203,1501
250,1494
176,1617
53,1858
178,1582
361,1430
386,1464
71,1832
84,1774
291,1498
60,1882
104,1740
472,1434
405,1458
255,1522
227,1539
440,1424
314,1434
340,1491
378,1470
223,1569
485,1534
287,1435
350,1384
373,1479
447,1368
339,1519
318,1456
303,1445
34,1887
262,1466
112,1733
407,1437
249,1534
44,1921
82,1768
175,1617
455,1475
110,1706
13,1924
344,1410
422,1492
211,1534
298,1473
144,1708
254,1472
90,1779
269,1499
467,1456
202,1559
371,1530
349,1426
464,1454
274,1449
41,1880
293,1476
229,1580
71,1815
11,1994
133,1634
397,1365
262,1526
90,1736
335,1349
17,2021
439,1507
149,1634
136,1635
412,1398
388,1432
230,1549
233,1518
165,1616
142,1728
180,1529
378,1457
21,1969
334,1438
298,1518
446,1498
40,1906
162,1600
400,1399
496,1432
418,1501
166,1699
212,1569
286,1477
65,1828
32,1919
271,1522
239,1446
224,1532
83,1760
133,1681
428,1377
398,1400
261,1435
327,1467
91,1750
350,1431
344,1473
213,1526
49,1898
262,1479
135,1702
208,1588
485,1487
492,1555
134,1638
144,1628
411,1348
313,1451
221,1482
483,1537
107,1719
240,1488
238,1527
215,1566
344,1390
89,1744
288,1496
363,1442
477,1517
284,1478
147,1619
187,1593
299,1493
113,1775
239,1529
444,1451
337,1419
316,1442
478,1464
458,1402
310,1428
122,1728
179,1526
133,1727
347,1443
324,1379
128,1627
58,1775
416,1437
409,1436
312,1476
179,1530
418,1475
78,1761
84,1760
308,1471
375,1433
143,1622
151,1659
35,1876
228,1522
256,1453
151,1676
389,1377
321,1390
372,1405
166,1673
475,1488
219,1532
215,1496
137,1676
194,1553
255,1469
336,1488
357,1477
270,1415
58,1876
113,1691
70,1815
186,1501
472,1500
314,1469
107,1696
78,1794
125,1607
77,1756
154,1574
138,1665
70,1791
275,1476
427,1403
134,1592
198,1614
443,1395
42,1797
435,1490
100,1740
225,1573
193,1619
126,1608
372,1433
101,1748
220,1543
191,1564
203,1633
452,1470
394,1452
182,1560
290,1394
268,1515
464,1464
98,1792
88,1717
125,1673
66,1785
77,1755
139,1661
15,1853
130,1679
236,1525
299,1548
350,1420
134,1702
384,1422
68,1841
31,1963
445,1365
370,1443
230,1578
250,1549
23,1938
435,1482
336,1429
206,1581
152,1633
61,1810
249,1525
215,1514
494,1518
300,1485
326,1486
378,1434
386,1523
357,1392
110,1784
355,1484
463,1498
441,1495
312,1435
209,1437
467,1449
311,1472
31,1944
211,1603
92,1746
297,1402
407,1428
33,1916
283,1424
383,1512
292,1483
283,1460
391,1451
333,1444
422,1389
168,1655
140,1701
90,1718
204,1592
336,1370
424,1435
228,1526
135,1693
495,1567
396,1501
470,1471
283,1398
135,1657
95,1761
182,1619
149,1713
48,1830
443,1458
199,1584
192,1522
284,1486
439,1459
103,1794
127,1631
62,1827
373,1463
389,1435
488,1436
474,1455
229,1531
242,1610
77,1743
270,1479
172,1611
144,1683
409,1406
99,1754
157,1719
141,1608
105,1735
210,1577
396,1442
198,1568
126,1712
380,1440
489,1519
118,1688
315,1470
63,1801
449,1451
382,1436
139,1630
229,1459
206,1502
23,1924
54,1892
211,1559
309,1495
425,1473
495,1534
184,1566
357,1441
266,1477
261,1488
199,1503
140,1679
368,1433
290,1513
39,1839
385,1344
109,1734
495,1458
67,1832
167,1634
280,1536
232,1549
180,1621
482,1381
134,1640
288,1497
247,1498
227,1581
73,1796
196,1548
59,1813
415,1403
153,1640
257,1501
346,1357
164,1596
154,1650
90,1764
349,1441
139,1635
128,1654
429,1432
288,1481
357,1340
483,1450
116,1827
438,1525
60,1886
341,1452
346,1384
434,1437
485,1471
404,1418
495,1463
404,1435
472,1432
419,1410
422,1426
419,1436
288,1483
468,1431
397,1422
381,1416
211,1570
243,1510
454,1356
241,1456
42,1889
132,1630
448,1378
205,1535
237,1477
17,1992
479,1517
286,1468
359,1427
130,1721
197,1545
359,1461
153,1639
183,1593
75,1837
32,1863
299,1505
201,1551
487,1488
329,1438
421,1409
142,1720
428,1385
146,1641
255,1526
47,1862
247,1594
92,1732
178,1538
325,1401
272,1495
199,1631
126,1705
35,1847
87,1739
489,1539
304,1425
167,1576
83,1857
11,1918
303,1480
334,1427
463,1494
293,1522
280,1504
38,1810
423,1490
53,1902
245,1506
360,1452
104,1703
44,1861
419,1393
385,1461
82,1775
190,1580
190,1588
16,1910
278,1480
93,1702
252,1411
198,1599
485,1390
376,1368
231,1453
50,1848
228,1509
442,1410
231,1545
178,1591
161,1645
295,1480
394,1488
289,1390
285,1440
447,1481
265,1403
145,1627
218,1464
104,1748
205,1595
363,1420
42,1862
230,1577
125,1676
69,1791
92,1794
343,1474
354,1457
394,1432
264,1529
388,1438
415,1432
247,1504
397,1468
445,1474
108,1769
187,1582
253,1465
128,1671
112,1693
234,1503
281,1461
451,1478
246,1498
44,1879
213,1538
365,1441
380,1444
311,1473
447,1506
80,1832
141,1639
85,1706
336,1364
183,1597
344,1431
335,1506
410,1483
474,1408
245,1511
269,1445
400,1454
365,1481
336,1364
175,1616
45,1967
371,1420
449,1475
490,1464
32,1889
229,1510
37,1883
42,1855
223,1559
48,1793
31,1976
198,1552
461,1488
353,1409
196,1582
217,1590
251,1577
119,1743
70,1828
150,1656
216,1501
234,1446
487,1465
449,1483
224,1555
371,1324
452,1402
315,1438
206,1520
176,1554
491,1527
178,1584
386,1473
206,1472
68,1806
198,1532
187,1583
245,1394
192,1653
397,1420
281,1488
212,1584
164,1669
416,1422
128,1727
490,1535
96,1737
22,1945
131,1633
334,1427
489,1504
64,1883
497,1489
211,1528
216,1537
88,1705
325,1398
224,1507
438,1411
323,1371
329,1447
171,1688
141,1657
86,1675
486,1518
338,1465
78,1817
405,1395
235,1539
189,1606
273,1491
477,1485
281,1470
481,1550
157,1620
337,1486
294,1484
284,1520
445,1516
435,1478
226,1539
46,1946
76,1809
136,1690
156,1697
61,1859
72,1724
363,1339
400,1376
64,1785
18,1942
17,1965
220,1487
110,1736
465,1431
56,1882
289,1512
331,1484
38,1879
405,1549
58,1791
121,1669
206,1584
330,1444
86,1834
112,1623
17,1953
132,1625
319,1438
284,1470
247,1495
421,1408
19,1952
186,1635
315,1434
363,1514
83,1809
27,1913
19,1926
478,1500
75,1774
18,1977
136,1647
249,1471
47,1864
144,1714
268,1435
163,1563
400,1414
125,1633
49,1883
98,1738
366,1450
108,1736
183,1566
292,1431
495,1558
236,1528
127,1610
80,1783
175,1558
157,1643
224,1568
379,1410
486,1516
446,1505
447,1469
351,1411
158,1687
243,1568
78,1789
177,1596
446,1469
440,1438
249,1492
244,1480
63,1875
467,1406
42,1861
202,1597
365,1439
345,1397
220,1513
78,1848
160,1670
63,1820
268,1439
439,1491
315,1430
283,1557
268,1453
371,1457
124,1743
268,1499
151,1647
145,1598
297,1478
359,1452
28,1920
271,1451
338,1437
57,1869
231,1516
193,1592
335,1455
326,1429
185,1588
40,1864
179,1561
222,1558
49,1876
448,1455
344,1469
244,1482
286,1442
308,1398
471,1432
323,1442
175,1675
137,1615
469,1394
134,1659
24,1935
198,1527
46,1916
276,1444
103,1723
386,1441
127,1739
108,1756
172,1617
179,1601
51,1885
61,1910
110,1649
37,1854
242,1469
403,1513
212,1480
11,1913
395,1436
90,1815
200,1601
497,1486
122,1666
470,1486
431,1394
331,1532
194,1583
61,1913
483,1471
420,1435
254,1510
123,1686
318,1443
432,1392
430,1444
234,1452
450,1428
475,1460
38,1854
77,1786
377,1429
487,1593
431,1484
90,1770
130,1627
441,1421
241,1448
130,1696
278,1446
221,1551
194,1594
237,1497
270,1460
292,1462
480,1449
276,1435
44,1809
475,1417
373,1439
318,1467
460,1462
296,1430
372,1472
408,1518
236,1517
240,1499
271,1494
230,1443
356,1468
485,1447
396,1486
160,1567
355,1417
36,1837
131,1730
143,1585
170,1593
343,1412
381,1428
12,2002
412,1456
113,1703
412,1375
420,1514
443,1463
430,1464
451,1412
435,1500
313,1401
316,1552
113,1734
370,1490
459,1436
438,1447
279,1415
186,1609
65,1847
421,1450
323,1460
147,1619
264,1440
175,1659
165,1617
22,1929
485,1497
246,1472
264,1571
410,1491
392,1409
206,1565
184,1540
462,1461
284,1395
235,1586
242,1551
116,1679
432,1438
392,1439
201,1603
360,1447
418,1418
316,1458
202,1617
123,1713
223,1542
431,1517
249,1481
102,1749
459,1432
114,1680
371,1488
231,1464
410,1323
173,1651
189,1495
279,1526
282,1487
37,1878
126,1692
399,1409
402,1397
148,1678
337,1421
56,1927
445,1456
255,1499
288,1437
463,1484
478,1486
218,1514
432,1463
468,1464
496,1487
14,2005
104,1680
89,1804
85,1722
167,1605
418,1459
213,1533
76,1827
346,1460
190,1534
333,1435
79,1796
59,1883
121,1734
280,1474
425,1514
222,1464
193,1540
449,1453
389,1452
203,1579
247,1454
121,1690
204,1575
418,1404
164,1611
484,1512
96,1824
274,1456
454,1476
45,1889
276,1437
304,1493
400,1437
278,1493
464,1458
499,1490
312,1436
86,1735
126,1605
15,1959
397,1417
308,1422
34,1925
221,1538
338,1397
34,1901
238,1495
82,1794
306,1503
117,1672
348,1426
405,1460
172,1579
333,1451
65,1806
476,1515
315,1470
53,1836
375,1431
15,1905
424,1442
376,1402
361,1447
210,1566
259,1490
130,1690
57,1853
355,1473
15,1865
46,1899
235,1578
241,1532
380,1397
158,1669
243,1495
356,1428
135,1686
61,1843
476,1516
100,1680
76,1782
226,1480
43,1790
188,1551
158,1639
137,1713
468,1532
420,1445
421,1422
13,1974
373,1495
178,1596
318,1506
313,1489
483,1514
350,1445
304,1569
461,1492
238,1524
58,1876
201,1495
192,1555
116,1680
205,1524
315,1471
416,1530
193,1547
274,1461
369,1426
161,1626
129,1651
38,1853
16,1965
411,1392
459,1439
293,1528
52,1841
178,1546
328,1488
38,1888
182,1559
282,1474
104,1647
410,1457
168,1571
352,1464
403,1550
463,1564
367,1477
385,1511
420,1461
340,1413
413,1389
311,1447
78,1723
169,1556
78,1828
455,1458
223,1498
458,1466
391,1399
413,1488
60,1812
344,1422
263,1486
340,1427
41,1943
452,1528
448,1463
229,1599
293,1487
154,1635
171,1645
453,1469
324,1452
197,1560
225,1502
203,1530
453,1398
100,1680
393,1405
274,1401
61,1815
348,1398
173,1617
66,1844
384,1408
486,1549
20,1920
41,1918
228,1500
189,1596
134,1675
304,1441
481,1529
356,1431
73,1795
292,1497
433,1392
105,1760
118,1727
373,1421
351,1433
132,1628
260,1581
442,1406
243,1467
233,1597
388,1521
132,1634
185,1620
364,1464
383,1418
202,1542
126,1682
299,1515
266,1541
51,1831
325,1456
492,1474
358,1335
155,1661
207,1542
143,1618
228,1522
176,1560
320,1518
382,1483
156,1660
175,1567
396,1431
382,1394
124,1689
111,1694
285,1470
130,1714
75,1807
336,1429
142,1619
290,1358
243,1553
62,1845
214,1601
405,1420
78,1695
405,1464
475,1434
76,1855
319,1406
397,1436
244,1526
28,1933
350,1437
482,1474
76,1839
400,1430
146,1657
269,1539
192,1580
260,1439
32,1944
340,1437
476,1512
330,1419
269,1463
18,1950
51,1835
80,1770
419,1503
30,1907
121,1626
388,1473
147,1676
19,2002
199,1549
202,1531
109,1749
76,1800
364,1487
21,1978
100,1750
218,1494
412,1475
467,1498
52,1882
99,1707
401,1465
189,1500
240,1479
11,1968
341,1462
176,1625
63,1781
385,1489
177,1564
232,1503
166,1600
81,1722
280,1441
35,1909
441,1512
109,1737
178,1631
257,1448
77,1804
262,1494
123,1681
170,1599
149,1577
443,1472
212,1547
487,1486
62,1866
246,1552
355,1424
187,1683
39,1918
237,1447
257,1504
490,1545
424,1457
267,1434
88,1750
459,1451
318,1412
213,1547
219,1595
337,1394
460,1446
364,1543
193,1538
170,1564
168,1614
461,1407
288,1442
110,1754
264,1392
182,1561
118,1597
300,1511
369,1408
382,1435
239,1491
202,1508
396,1458
19,1931
231,1532
131,1700
131,1691
293,1470
89,1755
13,1904
126,1702
377,1428
374,1493
194,1612
205,1605
32,1927
369,1482
261,1491
416,1528
443,1382
88,1809
86,1736
266,1478
366,1420
33,1859
437,1419
74,1736
310,1401
374,1328
214,1522
431,1407
474,1441
193,1634
188,1543
295,1388
349,1531
371,1492
14,2001
498,1483
334,1388
383,1334
247,1416
256,1507
430,1398
217,1542
158,1630
235,1469
247,1483
123,1649
335,1445
243,1502
136,1713
79,1769
467,1499
232,1524
143,1702
332,1433
258,1439
53,1811
448,1428
317,1512
98,1786
349,1453
236,1493
458,1579
445,1393
424,1429
262,1552
471,1489
76,1897
261,1482
345,1402
471,1467
76,1810
143,1591
18,1936
234,1512
498,1494
277,1440
75,1709
329,1405
308,1422
375,1483
453,1478
332,1519
342,1444
40,1904
466,1481
177,1558
114,1747
337,1468
31,1963
483,1490
258,1507
134,1707
217,1551
489,1462
428,1487
109,1806
202,1557
261,1516
336,1393
443,1420
122,1730
49,1852
499,1496
377,1458
340,1415
20,1979
470,1493
50,1904
13,2026
482,1505
12,1976
385,1415
339,1455
206,1552
341,1436
171,1609
85,1791
62,1808
303,1459
472,1487
350,1496
256,1513
13,1974
212,1570
387,1524
83,1799
464,1485
338,1499
283,1501
312,1386
420,1401
116,1727
293,1415
194,1590
489,1531
83,1782
235,1515
256,1491
398,1454
413,1389
320,1475
103,1776
42,1935
201,1498
156,1686
267,1489
219,1551
343,1451
462,1451
198,1517
67,1768
155,1657
182,1538
252,1502
88,1797
160,1596
315,1526
141,1648
107,1734
289,1458
21,1908
294,1508
271,1457
417,1423
120,1642
95,1739
260,1464
410,1513
322,1479
41,1857
98,1754
390,1417
446,1431
291,1397
228,1490
208,1584
44,1877
491,1487
36,1879
401,1424
172,1650
27,1932
416,1473
359,1450
25,1960
168,1643
326,1427
386,1458
239,1544
391,1422
251,1488
299,1522
138,1710
82,1778
493,1509
205,1578
438,1468
137,1647
323,1500
29,1892
218,1591
181,1603
403,1441
311,1453
372,1453
391,1479
369,1478
214,1578
258,1383
194,1489
175,1527
373,1456
281,1507
432,1486
362,1474
164,1624
238,1543
393,1500
377,1427
217,1563
344,1418
89,1814
143,1596
38,1855
433,1446
410,1450
305,1420
336,1545
107,1798
118,1683
320,1439
109,1696
291,1492
35,1848
404,1497
255,1546
290,1492
365,1433
179,1538
185,1523
11,1928
114,1747
101,1776
266,1459
143,1699
49,1891
301,1376
266,1459
24,1910
202,1597
348,1456
34,1955
87,1827
351,1479
352,1438
455,1467
80,1803
299,1450
276,1369
345,1469
303,1474
402,1490
13,1918
438,1416
65,1896
113,1645
300,1416
160,1643
289,1398
383,1390
13,1978
487,1462
433,1436
263,1498
105,1758
189,1607
239,1516
363,1446
69,1870
171,1634
424,1481
296,1470
425,1474
45,1903
95,1715
412,1442
438,1395
44,1923
431,1368
179,1610
453,1505
24,1875
65,1773
239,1515
453,1403
145,1652
489,1564
237,1515
366,1484
231,1535
252,1520
32,1832
244,1501
336,1472
159,1667
45,1937
176,1570
101,1723
469,1452
460,1440
374,1453
47,1876
309,1488
429,1379
158,1604
287,1534
416,1452
263,1477
400,1464
272,1438
30,1965
181,1575
343,1367
307,1510
144,1696
78,1773
366,1484
156,1663
98,1805
405,1437
18,1955
394,1505
61,1732
180,1580
358,1484
244,1462
348,1447
280,1456
109,1671
91,1744
200,1568
415,1480
287,1548
487,1467
208,1572
70,1861
199,1576
271,1442
22,1982
193,1628
471,1504
459,1450
243,1504
473,1396
304,1468
375,1480
426,1402
394,1441
359,1415
212,1599
23,1966
430,1492
46,1873
492,1512
23,1887
121,1697
159,1592
296,1429
91,1716
339,1391
161,1595
289,1480
169,1605
366,1509
191,1621
43,1904
126,1702
385,1419
339,1487
439,1437
471,1494
480,1549
297,1423
453,1433
312,1403
136,1601
213,1546
50,1892
353,1476
43,1856
56,1874
29,1969
358,1486
281,1422
381,1418
497,1500
443,1436
115,1672
402,1499
373,1420
443,1440
189,1609
396,1414
467,1463
177,1548
10,2009
448,1476
272,1560
232,1525
242,1573
406,1444
321,1476
287,1495
25,1959
287,1493
271,1496
126,1698
247,1543
10,1967
11,1959
228,1499
469,1467
79,1818
203,1562
46,1914
211,1528
26,1914
154,1592
15,1985
394,1364
221,1586
283,1515
146,1708
41,1898
154,1731
412,1488
58,1879
150,1658
10,1917
374,1438
47,1855
245,1499
47,1865
45,1904
211,1550
108,1679
291,1408
313,1481
362,1405
177,1523
209,1550
192,1593
413,1446
262,1464
11,2038
432,1404
497,1515
485,1508
358,1448
482,1502
99,1783
465,1446
103,1753
326,1441
381,1406
451,1418
322,1437
74,1817
421,1438
103,1756
22,1962
242,1501
442,1475
158,1720
70,1851
478,1412
49,1937
404,1470
100,1706
206,1533
22,1985
213,1565
433,1478
42,1846
451,1452
103,1716
460,1499
57,1845
480,1487
488,1495
143,1641
340,1394
302,1489
304,1479
184,1582
246,1503
430,1435
432,1492
387,1447
380,1414
143,1665
155,1594
458,1453
219,1543
445,1475
20,1918
243,1490
399,1441
206,1509
33,1868
75,1787
249,1455
300,1453
235,1522
371,1393
11,1971
253,1434
149,1640
267,1481
443,1451
300,1515
358,1488
362,1387
270,1493
372,1414
125,1719
116,1688
68,1839
170,1620
191,1559
112,1701
214,1559
296,1471
493,1444
28,1994
290,1492
116,1713
200,1589
428,1405
62,1781
46,1812
368,1361
490,1496
52,1840
396,1447
188,1574
56,1891
67,1815
243,1446
481,1459
140,1755
80,1750
342,1463
264,1530
322,1461
33,1850
111,1712
487,1425
334,1478
160,1623
370,1511
181,1612
319,1354
420,1431
200,1485
132,1733
283,1421
264,1524
177,1625
93,1731
335,1491
231,1526
251,1596
134,1615
79,1841
379,1462
282,1439
190,1631
429,1419
457,1522
132,1632
262,1504
216,1545
317,1535
346,1440
34,1836
53,1841
487,1438
49,1943
218,1531
462,1431
388,1422
53,1927
441,1523
450,1483
122,1656
307,1457
499,1460
172,1627
148,1604
293,1508
181,1559
29,1919
137,1680
395,1431
114,1746
42,1883
173,1596
403,1449
453,1473
182,1614
92,1667
323,1491
418,1421
390,1380
356,1389
44,1932
96,1774
244,1423
43,1883
145,1629
203,1553
451,1386
98,1763
402,1462
226,1519
54,1847
358,1403
287,1457
256,1544
151,1628
189,1616
121,1673
244,1514
57,1850
340,1430
251,1559
252,1516
188,1615
150,1606
298,1529
396,1428
248,1538
189,1558
301,1426
60,1893
185,1559
179,1601
425,1421
493,1413
436,1458
493,1556
236,1481
14,1931
405,1448
476,1490
456,1440
241,1457
262,1506
292,1442
172,1637
393,1402
83,1762
380,1401
37,1894
362,1406
440,1478
440,1448
436,1462
301,1467
108,1682
378,1506
26,1976
384,1406
212,1488
173,1594
46,1834
155,1616
296,1449
492,1430
165,1567
74,1748
168,1636
125,1670
420,1478
49,1803
149,1651
469,1487
356,1444
292,1491
198,1532
380,1467
119,1667
346,1422
162,1641
103,1785
147,1580
369,1394
24,1937
387,1482
156,1532
77,1714
152,1705
238,1613
280,1481
106,1707
444,1450
22,1868
218,1535
476,1409
68,1778
278,1465
463,1478
66,1861
191,1508
305,1569
359,1439
109,1662
296,1502
446,1477
278,1432
289,1427
358,1472
65,1797
311,1415
392,1442
267,1433
319,1517
89,1774
469,1483
293,1410
355,1411
361,1482
198,1536
371,1400
205,1515
142,1617
26,1925
157,1598
177,1581
102,1771
482,1483
91,1822
415,1414
318,1398
337,1490
177,1604
440,1453
497,1487
467,1435
218,1440
55,1882
377,1474
451,1420
221,1475
292,1439
11,1909
61,1882
294,1415
15,1989
157,1591
494,1526
476,1499
340,1506
121,1648
155,1580
112,1688
31,2003
444,1426
23,1931
499,1507
386,1424
15,2000
286,1468
329,1489
273,1544
283,1480
415,1430
207,1573
128,1729
364,1414
191,1603
172,1608
375,1439
310,1325
190,1609
319,1455
194,1569
82,1752
89,1705
212,1506
57,1804
478,1530
307,1421
288,1445
191,1595
71,1863
195,1584
438,1529
221,1579
346,1480
488,1519
347,1469
294,1427
441,1423
169,1609
401,1512
59,1807
402,1424
131,1644
311,1460
143,1668
334,1423
438,1477
214,1554
162,1584
360,1494
235,1525
474,1576
66,1872
163,1621
349,1430
123,1755
15,1931
105,1676
490,1485
68,1734
477,1490
325,1452
20,1896
56,1874
317,1484
275,1415
436,1492
176,1631
476,1484
420,1415
433,1432
491,1511
301,1431
385,1504
157,1658
55,1925
78,1768
83,1758
72,1768
169,1630
177,1632
177,1586
101,1709
422,1428
287,1552
466,1489
331,1568
214,1531
300,1436
36,1861
456,1507
386,1460
167,1666
38,1855
172,1577
46,1833
163,1608
13,1967
108,1731
403,1415
413,1505
378,1438
197,1611
257,1411
19,1925
39,1987
84,1778
153,1609
400,1471
127,1681
416,1513
49,1809
10,1911
310,1400
272,1508
391,1422
306,1460
333,1447
11,2011
282,1536
497,1554
402,1436
148,1651
309,1526
92,1816
449,1449
279,1519
88,1731
440,1386
465,1406
196,1538
197,1560
42,1914
449,1517
139,1604
11,1973
69,1855
413,1470
131,1618
416,1440
91,1719
167,1623
222,1587
301,1398
127,1690
76,1813
450,1515
154,1666
390,1460
417,1415
495,1527
461,1433
82,1782
170,1645
66,1820
235,1514
310,1481
191,1492
425,1519
324,1411
17,1910
377,1378
379,1467
453,1409
280,1497
136,1641
168,1617
73,1798
14,1906
179,1594
371,1405
294,1483
407,1435
189,1592
190,1542
22,1922
453,1487
313,1508
419,1427
221,1548
424,1397
124,1668
45,1821
36,1891
238,1533
136,1687
106,1783
102,1703
100,1673
269,1459
212,1541
226,1455
129,1639
142,1642
60,1887
75,1825
49,1926
470,1426
129,1695
382,1440
292,1387
496,1464
218,1528
488,1525
191,1534
387,1453
212,1507
18,2000
276,1458
400,1426
238,1516
79,1720
39,1877
102,1755
232,1504
480,1467
342,1377
127,1674
430,1476
469,1529
438,1412
347,1501
341,1523
260,1490
460,1434
185,1584
493,1504
382,1435
218,1431
275,1479
150,1653
69,1842
288,1543
295,1405
129,1723
326,1424
293,1427
160,1651
462,1514
314,1462
423,1432
210,1533
