product_age,daily_sales_count
174,92
136,113
146,128
60,294
45,321
72,237
95,203
31,364
156,97
120,151
64,248
165,89
67,248
109,167
68,237
35,343
98,183
36,354
185,79
198,85
132,125
49,315
167,103
18,419
60,276
86,214
138,116
113,171
23,398
68,241
59,289
90,202
7,467
13,414
131,134
168,106
11,442
51,287
151,115
32,346
169,98
42,326
166,96
195,95
102,183
121,136
78,230
72,251
106,153
119,152
170,74
171,91
33,375
79,223
165,97
78,232
119,156
57,284
192,53
192,75
188,70
52,286
72,245
68,255
100,166
82,216
155,120
59,265
19,415
3,473
39,355
66,265
73,233
184,82
134,117
28,360
176,85
98,180
93,199
176,69
195,66
182,96
126,156
16,443
35,375
75,232
107,144
87,221
158,92
176,107
69,252
116,173
8,460
107,165
107,179
114,165
179,72
10,452
28,372
164,99
60,274
10,454
142,121
102,177
63,270
175,79
197,86
56,285
134,139
147,110
180,78
190,84
128,147
177,84
78,211
139,119
46,315
69,244
45,306
95,202
108,168
58,298
160,99
115,160
10,447
141,137
111,162
13,437
36,339
86,215
128,136
122,138
147,114
118,161
135,146
15,433
81,217
46,320
48,308
66,259
4,480
3,490
3,491
69,250
93,232
28,387
23,376
30,367
62,269
87,216
51,319
41,325
64,275
43,327
91,205
58,292
59,261
168,99
174,104
62,258
177,85
116,164
111,145
23,401
172,87
172,104
19,406
172,89
11,440
60,273
166,88
3,481
144,107
9,450
41,324
38,337
69,250
193,44
35,354
127,153
163,106
48,301
107,182
8,453
27,385
9,433
158,109
14,435
151,112
29,374
26,404
143,128
115,165
73,247
81,242
67,253
144,105
141,139
90,199
96,196
152,115
118,146
62,255
185,89
36,362
188,83
124,149
22,387
105,172
114,172
110,159
3,487
164,102
97,195
36,339
10,451
100,192
21,424
177,83
104,181
115,147
137,125
112,158
120,170
79,234
180,84
96,172
176,89
188,79
108,168
119,153
178,102
167,104
144,110
28,397
6,463
61,288
6,464
122,146
194,51
105,180
168,74
199,70
62,265
28,374
80,229
175,95
9,470
180,71
15,427
162,98
20,415
60,280
186,69
75,248
94,199
67,274
2,493
178,64
142,113
184,78
197,61
44,313
174,107
134,118
136,123
39,339
93,184
44,320
27,358
16,421
39,327
129,135
179,83
191,88
33,353
50,325
103,181
182,72
27,383
124,157
86,201
147,134
28,383
151,99
64,258
167,90
49,317
187,65
148,129
189,87
111,181
128,140
9,469
23,395
135,140
159,103
60,292
61,274
75,228
154,122
100,186
54,286
31,361
169,83
28,364
90,199
6,473
34,352
92,161
108,154
9,466
93,196
98,171
12,440
16,427
71,255
159,95
161,106
135,129
3,482
148,123
5,466
195,81
38,331
79,221
99,182
184,78
151,85
2,491
100,166
149,114
142,124
190,85
139,111
132,136
47,312
116,151
94,185
100,185
20,423
180,80
16,439
173,100
136,107
190,66
149,107
64,277
104,177
158,116
164,96
133,145
38,346
19,413
74,250
155,101
141,142
137,112
17,418
95,194
172,82
45,323
88,206
42,332
51,291
186,68
113,161
186,85
158,121
133,114
8,460
37,350
47,316
100,172
89,198
173,89
133,159
191,83
86,215
175,60
25,376
126,130
178,88
173,87
116,150
120,154
30,355
48,301
179,83
94,214
55,297
183,85
46,312
31,367
162,111
92,218
74,236
196,75
161,109
56,290
186,65
122,140
57,290
17,416
139,142
199,65
17,408
105,185
138,122
154,104
134,140
81,213
16,427
103,166
90,204
4,464
62,261
192,82
56,299
151,102
33,351
31,368
135,122
133,142
165,82
1,489
198,87
45,323
47,318
196,69
30,356
81,238
188,78
24,403
31,364
28,378
173,85
132,136
189,71
39,330
83,216
152,115
71,257
174,74
181,91
176,79
9,447
22,392
127,166
2,498
91,190
16,421
5,462
140,110
180,69
154,97
15,438
67,267
73,232
187,73
92,208
167,94
63,270
100,179
25,405
41,349
28,385
111,159
21,392
61,289
103,182
185,80
139,132
147,115
75,234
1,517
160,113
109,185
77,247
162,79
17,430
183,85
111,159
19,443
74,240
170,86
59,276
115,165
38,346
31,361
194,80
106,174
111,162
197,68
50,292
126,132
158,92
103,155
163,101
59,267
121,145
145,114
95,184
194,68
149,113
94,188
52,288
193,66
142,130
16,420
55,290
137,122
136,127
162,107
109,159
161,122
94,199
7,468
149,102
133,139
199,85
140,116
187,67
81,223
186,68
88,203
165,104
108,187
83,227
45,310
80,222
25,386
27,383
51,309
119,144
170,113
108,159
199,60
170,83
60,299
72,260
186,70
80,220
72,242
96,187
126,151
150,116
96,193
186,86
139,129
109,175
6,473
22,418
103,180
12,442
27,390
129,143
192,73
80,208
167,108
60,287
116,148
70,252
182,76
153,114
148,125
36,348
151,118
129,124
155,98
52,306
130,130
149,104
137,120
111,154
88,217
48,320
105,167
167,83
42,328
199,57
94,202
45,319
130,133
195,81
171,81
104,172
107,160
146,102
39,329
134,123
170,82
180,82
27,381
143,104
19,421
190,60
64,246
51,311
175,76
57,286
20,404
20,399
82,208
192,77
101,173
38,353
38,327
65,275
76,213
133,135
192,62
123,130
125,142
27,388
103,177
20,409
60,276
168,99
83,234
6,463
164,102
112,157
193,71
139,131
177,87
114,152
84,217
156,109
22,408
84,227
47,330
102,180
80,214
194,75
25,376
91,220
67,250
160,111
145,120
40,338
30,355
59,269
28,374
47,309
117,156
151,104
83,223
57,282
129,144
29,359
178,92
64,280
99,184
37,357
189,75
128,135
135,132
90,219
87,224
64,248
18,407
29,373
114,153
60,278
54,290
72,239
149,132
149,121
58,287
177,77
36,348
145,116
80,226
181,77
15,440
40,348
81,230
51,299
193,69
141,133
166,98
97,195
154,110
143,112
117,171
133,157
2,486
115,158
78,225
93,191
193,79
77,226
60,265
96,196
98,179
56,279
118,147
119,157
38,343
185,60
102,183
51,292
169,108
127,120
103,182
198,77
180,71
129,135
85,215
103,177
18,423
27,383
92,207
72,247
95,194
76,231
170,94
6,488
90,202
80,212
83,229
82,241
152,115
45,338
71,247
7,496
144,104
126,140
58,286
57,275
170,103
111,170
142,119
56,290
12,445
93,204
15,428
8,439
186,86
53,294
137,119
174,84
92,197
7,451
44,313
14,434
75,234
115,149
92,186
134,122
163,101
198,63
189,84
152,121
73,258
130,143
179,88
31,380
126,130
119,158
27,391
110,166
159,110
106,170
198,69
171,94
120,154
82,206
52,292
14,435
187,81
20,416
118,154
52,308
101,179
40,344
68,252
44,313
134,157
87,214
120,132
57,292
186,79
72,252
158,108
52,290
11,457
175,80
5,468
131,132
143,109
130,141
2,511
182,70
174,102
94,189
127,134
126,130
41,335
197,56
30,366
44,333
10,468
30,361
75,233
49,305
163,83
193,67
145,111
159,107
70,251
180,84
26,383
100,197
133,132
111,175
14,441
51,302
15,439
128,136
140,114
46,315
192,88
72,246
187,72
95,185
154,92
29,366
132,137
178,82
25,392
168,84
32,373
100,191
37,340
126,128
138,128
166,75
189,62
100,180
27,373
135,143
99,182
137,132
187,55
36,331
118,147
158,105
19,401
169,96
55,302
84,208
6,471
123,143
107,167
88,211
150,112
198,67
152,111
62,278
170,97
150,94
144,110
141,128
120,176
37,339
180,68
152,132
125,156
17,434
16,427
129,137
85,212
125,151
1,508
30,372
24,401
46,330
2,499
143,125
29,367
99,179
62,252
13,443
65,262
45,332
47,317
16,423
126,137
107,175
3,488
104,195
198,68
95,198
133,149
154,106
92,196
15,417
183,77
150,115
37,359
157,90
154,98
70,229
139,143
100,186
148,109
84,198
91,201
198,65
33,342
121,146
30,383
178,82
34,368
133,148
140,121
76,233
75,241
52,307
51,314
149,128
199,61
58,294
98,193
125,138
192,62
93,189
134,135
177,80
37,349
138,115
194,64
56,285
83,216
71,233
66,252
45,301
87,210
95,209
196,63
192,64
144,128
10,441
149,123
140,111
13,435
81,220
117,162
138,145
122,144
141,122
162,82
59,277
128,151
49,330
6,467
12,451
29,386
77,217
124,159
26,377
68,256
16,413
53,291
147,98
175,90
160,116
70,249
198,55
189,72
5,478
187,76
130,143
130,156
3,485
198,68
95,186
43,336
133,151
178,82
10,455
155,108
24,386
22,409
89,205
3,487
144,128
158,100
112,164
171,83
4,469
107,173
40,337
16,435
105,167
72,233
88,225
16,427
118,140
91,201
194,65
183,84
20,405
179,96
84,203
83,231
185,86
126,145
51,311
18,430
81,222
187,93
97,196
117,150
124,131
28,389
197,70
156,87
89,209
141,119
6,464
157,114
106,165
119,148
137,125
29,384
166,83
65,255
56,290
30,375
114,149
96,188
121,148
187,80
58,278
138,141
149,112
184,95
26,381
15,414
163,123
89,204
15,434
97,175
75,239
88,216
6,459
156,104
63,266
29,361
48,326
191,47
186,56
149,114
22,391
27,388
85,210
79,231
185,65
138,122
22,397
172,113
84,211
83,195
156,116
50,301
179,86
129,134
162,86
163,111
61,262
30,356
76,239
196,72
168,104
193,75
37,345
192,82
129,121
143,118
13,430
157,107
183,88
45,322
4,487
192,86
15,435
104,184
176,105
184,106
91,200
198,60
143,94
39,358
197,64
79,232
60,281
94,203
172,87
43,333
132,139
77,225
178,101
39,345
54,279
151,107
188,72
163,92
54,297
186,91
62,258
176,82
135,141
173,80
13,432
181,59
115,166
39,341
84,213
146,100
150,108
164,78
105,173
181,101
112,165
72,256
3,498
190,70
157,110
73,214
8,464
76,245
174,93
92,196
184,92
106,185
49,306
43,340
138,131
141,106
185,82
2,483
65,266
86,175
97,205
170,103
186,94
10,452
63,278
103,181
199,59
61,264
1,492
154,120
5,488
35,346
125,150
141,122
27,372
140,111
94,193
50,313
187,72
159,110
69,254
165,80
2,510
102,192
199,54
193,77
3,500
148,118
130,132
42,327
43,323
21,404
45,330
20,414
171,82
178,82
43,321
24,396
82,209
84,201
60,265
32,347
122,132
5,488
130,135
154,111
25,390
178,85
86,215
167,100
86,215
75,264
11,438
191,63
68,248
97,176
146,113
108,160
122,148
156,106
42,315
60,282
150,104
168,84
62,273
131,135
71,246
191,64
121,138
20,417
199,68
71,248
154,109
169,99
131,134
171,88
145,124
84,238
98,175
181,76
180,86
161,78
60,286
68,261
184,80
105,180
192,88
136,131
197,57
161,110
153,118
199,70
111,191
135,129
59,259
33,362
41,333
161,122
29,378
167,92
185,66
105,193
101,159
64,268
86,191
66,256
114,156
122,141
9,453
29,376
97,185
74,237
124,138
156,103
110,176
53,290
174,103
167,104
76,242
58,280
182,72
134,132
45,336
168,85
151,113
117,146
122,144
170,94
166,99
144,120
74,245
175,91
149,109
74,246
149,103
25,387
124,140
61,275
98,164
54,287
60,279
170,116
189,76
32,352
53,301
172,83
139,111
118,155
47,326
90,195
60,272
36,356
188,87
161,114
42,322
13,438
142,99
186,74
115,148
101,184
122,156
168,100
65,249
133,128
158,108
117,156
173,82
101,186
186,85
39,337
140,113
162,103
109,159
14,448
166,69
144,115
106,164
189,83
187,91
75,230
79,218
112,170
67,238
139,127
11,448
16,424
166,87
158,82
169,102
1,501
124,144
38,344
114,158
98,197
60,272
19,413
124,146
187,73
100,183
68,252
138,119
17,412
80,223
85,211
92,210
29,365
134,125
194,74
119,156
122,146
111,173
191,73
159,93
153,108
87,217
149,122
16,436
132,136
107,174
174,94
8,445
134,124
125,146
128,129
53,306
119,163
192,68
91,192
179,88
63,254
134,132
190,103
107,161
161,92
2,484
169,83
16,418
102,197
119,153
59,286
9,469
197,52
117,147
10,443
94,169
7,470
93,200
194,85
148,119
123,120
63,259
4,474
28,383
72,217
163,103
130,144
169,90
156,97
75,248
73,227
102,192
129,147
155,112
67,274
167,94
168,99
28,377
92,196
152,115
82,217
51,301
56,286
73,237
26,393
88,190
52,290
125,134
6,474
187,75
117,141
12,448
63,269
36,349
9,465
74,244
67,254
29,378
71,260
90,202
8,474
43,344
35,356
110,156
22,398
66,260
102,180
149,114
94,207
199,60
95,197
169,101
41,329
177,75
4,478
98,177
193,66
10,458
94,198
67,263
138,131
73,239
145,107
195,74
53,289
163,97
4,473
68,262
113,139
96,197
102,182
139,133
44,310
119,152
188,72
198,67
190,75
110,162
160,100
46,328
23,412
106,176
165,111
126,127
90,211
98,190
75,232
114,166
186,79
120,145
85,221
43,325
88,200
143,128
195,54
130,153
199,77
133,113
181,94
173,89
104,156
93,179
41,338
191,63
32,354
106,174
2,495
10,455
171,81
119,145
171,80
101,184
110,168
67,260
23,399
98,189
97,198
188,77
6,480
13,435
21,397
58,292
120,146
156,104
120,142
198,89
136,113
77,241
98,169
58,276
168,101
86,228
1,493
77,226
193,75
10,469
188,78
69,256
148,107
62,278
13,423
186,90
165,109
10,473
3,498
162,94
34,371
158,114
165,89
196,73
34,327
160,87
85,222
58,296
105,183
152,110
9,447
41,338
152,90
25,395
36,340
8,469
126,150
114,154
105,184
93,180
89,204
187,85
163,104
38,336
92,208
119,161
160,89
101,181
113,163
179,85
28,386
184,75
99,202
136,124
41,320
118,151
23,400
182,69
23,394
32,351
138,133
81,221
163,74
99,196
63,255
195,98
36,342
93,191
177,87
46,291
27,386
159,109
162,108
76,237
101,183
187,62
182,86
194,71
158,99
151,100
9,462
183,77
129,119
56,283
167,86
87,218
18,416
42,326
111,168
73,258
65,265
161,92
158,87
133,146
178,60
193,72
10,476
60,257
155,95
72,245
156,97
173,87
52,302
194,78
62,280
117,139
125,156
60,288
86,220
168,82
143,108
95,196
7,473
39,350
179,79
7,472
140,129
14,428
34,351
122,132
167,83
73,235
64,269
97,212
12,448
126,129
34,351
27,392
150,104
18,433
174,95
172,87
146,97
37,355
135,136
68,258
80,251
86,202
60,290
48,308
179,86
100,187
84,224
95,186
52,321
77,220
180,79
84,234
54,303
169,89
170,98
150,101
39,330
23,394
48,324
113,140
120,159
161,96
127,147
41,338
158,103
47,305
185,72
72,240
57,267
62,270
86,205
57,278
196,68
72,251
124,157
153,122
168,97
17,418
80,212
176,110
39,356
143,129
17,428
35,349
33,361
146,125
158,84
165,90
111,165
135,110
74,224
156,98
98,189
18,433
175,82
23,416
148,107
31,365
14,420
23,393
2,471
157,138
178,74
73,245
59,272
33,357
176,85
172,99
140,128
83,220
170,97
35,356
41,319
183,78
110,173
141,116
39,342
194,83
163,91
116,167
72,242
161,101
89,214
164,103
141,95
56,267
174,93
99,184
46,300
100,177
113,145
111,164
172,102
174,81
74,241
69,250
31,383
125,156
24,377
32,361
113,153
195,65
16,434
185,81
108,178
24,370
34,365
128,143
52,313
48,303
87,220
119,155
181,83
183,75
38,341
130,126
69,247
82,214
118,151
53,292
50,302
157,104
74,238
183,81
106,173
189,73
50,308
16,438
87,206
94,190
70,252
172,91
100,174
144,111
28,372
185,68
154,112
86,219
118,146
11,434
129,139
69,251
171,113
174,94
105,164
36,339
66,262
185,78
134,130
190,75
155,114
125,162
154,120
141,112
76,228
146,93
38,344
6,466
126,142
92,191
28,370
89,190
5,472
187,83
111,158
108,176
45,312
112,163
181,95
2,485
177,87
90,206
115,161
63,272
92,202
70,238
186,74
4,486
158,110
57,275
47,322
146,111
108,173
95,195
44,313
180,80
177,65
158,99
180,95
37,326
63,258
12,439
17,400
34,336
156,126
132,139
98,198
46,319
14,440
13,436
186,88
49,321
178,78
67,253
21,399
51,299
38,349
119,150
26,368
6,481
18,410
114,164
134,136
169,88
57,274
178,80
25,405
48,300
24,382
158,105
87,207
45,315
43,316
72,243
184,78
70,262
33,351
97,185
45,332
7,461
106,166
146,121
70,250
45,316
37,346
149,117
172,91
158,109
139,123
8,451
133,138
8,459
5,473
10,460
15,447
56,269
114,157
55,288
131,136
41,330
138,125
135,133
191,72
115,153
63,261
88,221
154,127
34,353
122,144
167,98
188,78
197,68
100,171
107,163
154,114
62,266
138,145
100,203
54,282
159,115
38,341
114,161
25,396
65,271
100,177
178,106
152,112
155,86
178,82
178,105
143,114
17,445
29,375
5,476
11,437
180,89
162,96
81,222
33,357
49,315
121,147
159,77
18,409
115,145
5,490
158,109
45,319
120,149
128,125
38,340
109,178
96,200
94,200
29,360
164,90
137,131
23,386
131,142
86,198
184,68
168,80
184,74
58,265
159,97
11,439
42,322
131,142
185,79
14,441
46,338
147,98
124,139
60,264
159,95
36,353
160,119
191,80
26,390
65,271
130,151
70,266
126,147
173,79
153,105
40,315
146,124
110,158
98,180
12,447
24,374
171,101
32,369
114,156
47,312
173,82
35,378
122,138
128,142
137,124
10,453
65,266
187,83
98,184
185,67
10,445
147,110
109,162
178,74
68,258
104,163
5,475
157,88
116,168
5,469
60,267
65,252
127,157
28,391
83,219
129,133
29,395
179,88
164,94
160,95
64,272
142,119
32,350
9,459
139,127
176,86
179,89
132,130
41,332
25,389
145,104
175,94
8,467
58,290
109,158
129,133
2,501
10,447
91,219
117,140
155,100
141,117
63,274
11,465
142,124
96,165
124,144
93,199
102,184
98,187
26,399
197,61
39,328
92,193
156,131
145,115
165,108
108,181
155,89
76,233
67,267
122,176
196,81
175,83
111,179
162,95
18,406
35,359
18,403
198,63
162,114
161,107
128,130
127,142
84,215
43,334
82,224
27,383
48,309
69,240
199,82
150,116
162,96
171,88
116,156
124,136
16,420
126,152
14,419
39,357
199,68
108,162
12,440
97,194
55,284
134,138
40,325
91,193
13,441
69,245
152,129
187,85
174,93
96,193
172,86
11,445
118,145
61,274
36,336
138,140
129,138
63,280
140,132
5,475
78,234
36,345
145,116
186,70
150,128
159,104
154,116
13,435
191,90
195,64
63,265
11,443
69,254
192,66
102,186
196,73
32,361
10,442
108,169
54,290
183,89
82,217
190,65
183,62
87,221
82,218
35,356
67,251
65,255
17,421
42,320
187,73
198,76
121,156
121,144
139,122
78,210
28,361
39,333
182,81
100,171
11,455
115,167
186,69
117,146
168,97
132,150
64,259
176,95
198,69
83,219
159,100
2,499
43,345
41,340
60,263
112,161
174,68
40,356
59,281
45,311
42,331
119,171
149,104
131,129
194,60
139,130
24,392
50,282
88,211
21,415
153,103
132,133
125,141
43,332
175,70
23,391
188,73
21,413
194,72
179,70
143,114
58,293
26,372
59,287
90,213
45,331
194,83
163,112
94,177
110,180
64,269
84,210
77,220
27,382
87,233
159,107
12,439
102,204
45,325
128,146
32,366
54,297
194,47
113,163
115,166
32,379
143,143
104,188
55,291
41,333
127,133
40,341
72,263
114,156
177,87
38,335
56,296
34,368
129,131
10,458
168,67
16,423
174,101
152,105
14,422
90,210
167,93
18,420
84,219
169,101
56,296
164,101
152,121
90,203
29,377
22,402
11,436
41,347
177,86
139,141
52,302
67,260
85,223
75,239
136,122
159,101
123,158
6,478
81,214
199,71
13,429
6,472
195,81
155,100
121,148
45,309
106,179
26,387
4,474
37,350
21,405
28,383
32,354
103,175
181,83
161,107
26,376
145,118
184,89
116,157
93,194
30,365
121,144
5,478
118,134
6,465
106,177
124,152
190,65
138,120
70,249
138,132
106,170
44,321
56,289
132,122
13,455
122,148
19,410
198,80
90,205
190,73
9,461
46,316
56,279
74,249
40,320
67,252
113,180
83,219
62,253
174,99
134,128
29,364
19,424
114,171
108,184
143,110
57,281
38,339
21,396
51,306
167,105
20,405
2,492
32,365
111,176
92,199
132,134
7,475
3,486
25,384
112,152
9,451
26,388
64,251
18,420
91,186
2,480
1,502
48,305
191,76
107,171
164,113
191,75
75,226
26,392
6,460
26,395
43,333
122,151
129,145
9,469
27,381
71,248
117,158
118,146
3,479
189,76
130,136
124,147
74,234
81,208
159,117
65,247
122,156
146,113
134,133
102,187
42,324
111,151
196,80
104,183
4,481
99,194
132,137
65,260
41,330
171,69
183,83
147,105
149,117
186,75
158,86
116,156
135,125
197,84
64,244
2,482
115,147
195,79
128,141
79,234
101,171
119,142
74,239
9,474
23,403
14,426
54,294
124,151
45,305
16,424
102,178
95,211
109,169
185,95
136,121
25,395
169,78
62,275
77,228
146,113
50,310
169,100
34,359
100,202
114,161
81,226
12,446
77,239
75,236
170,81
55,292
92,184
187,86
179,95
88,203
181,77
9,437
3,485
118,157
136,132
187,80
30,368
67,265
55,279
162,90
123,133
43,319
156,94
165,73
158,96
71,254
62,272
110,173
29,379
115,155
2,488
90,196
105,177
57,311
185,66
42,339
49,301
185,93
199,72
18,412
198,67
27,389
118,171
54,299
152,105
162,104
150,128
63,271
164,96
92,185
84,228
61,270
82,213
42,336
96,199
161,91
74,231
137,133
119,164
25,386
141,120
47,306
122,160
173,95
133,121
31,383
159,136
98,170
199,72
169,77
115,155
174,73
52,312
107,168
86,222
133,134
12,461
21,393
9,435
93,191
91,198
145,101
104,181
152,113
155,119
136,139
172,85
62,257
29,357
83,216
74,236
152,113
34,340
60,276
104,182
159,95
115,164
132,131
137,139
90,218
77,232
121,158
182,67
1,490
189,79
73,236
159,99
88,198
45,336
60,265
86,219
103,173
87,216
119,146
42,325
155,110
186,84
197,79
81,223
162,110
10,455
123,145
194,80
111,166
25,392
3,475
162,93
71,250
28,369
137,127
11,429
93,216
118,160
124,140
167,109
93,188
141,116
99,191
11,457
35,347
8,466
7,470
69,251
70,243
185,87
115,138
124,146
163,91
11,447
166,88
91,189
85,207
49,301
35,350
157,104
88,214
169,107
109,169
134,120
10,460
84,219
85,204
151,111
174,95
140,115
55,283
141,123
74,236
135,114
140,147
61,266
153,101
130,132
26,384
179,87
69,240
62,281
167,80
116,152
115,166
139,131
192,45
102,180
42,329
10,455
123,140
19,411
4,485
3,493
142,106
10,457
6,474
31,375
31,358
176,90
9,438
108,166
124,141
154,108
130,144
4,469
6,483
30,347
183,63
156,114
61,273
77,249
183,88
110,167
36,344
133,126
157,108
100,178
140,126
122,141
150,114
59,293
110,172
167,89
130,140
14,437
138,128
176,90
64,273
131,146
72,243
188,63
196,71
21,404
94,201
147,103
79,232
20,411
58,270
42,308
94,204
138,116
151,96
88,202
140,135
9,459
79,231
157,104
82,223
148,112
193,68
3,479
136,125
39,363
64,269
31,358
111,151
123,145
150,94
96,201
5,450
58,277
105,157
63,271
61,264
52,304
108,148
101,193
33,363
22,401
51,292
11,445
127,148
186,69
50,302
198,66
17,424
174,74
44,337
185,88
133,115
39,319
186,92
137,128
23,379
175,82
164,94
31,373
84,225
23,399
184,78
199,64
174,102
58,276
164,102
196,60
88,195
188,78
142,117
25,376
199,65
172,114
46,315
141,119
62,266
19,425
140,122
112,166
90,210
48,322
161,93
165,86
134,124
123,153
117,163
81,224
171,100
100,192
178,78
174,73
73,237
28,383
195,76
11,430
148,90
87,216
158,110
101,186
36,358
100,186
119,139
98,185
196,70
88,202
36,343
58,279
28,370
39,317
66,259
171,103
5,454
141,124
9,447
103,185
57,287
27,392
189,67
103,179
178,109
82,222
162,106
85,228
65,252
173,68
87,193
34,344
100,180
136,133
94,205
48,299
164,118
100,197
82,215
194,96
117,161
11,447
52,288
164,86
31,376
24,394
149,117
96,180
158,108
121,150
72,233
97,175
115,159
64,270
127,151
117,158
39,330
129,138
97,193
170,84
77,227
5,476
140,126
157,91
3,480
61,273
179,88
164,98
111,168
75,239
130,128
29,388
41,328
29,367
100,169
64,258
58,273
138,122
11,451
135,142
77,240
108,150
189,86
194,77
94,213
86,205
181,72
65,270
27,389
135,123
65,258
58,285
25,393
48,309
4,481
136,120
115,156
196,57
188,76
4,467
136,117
90,235
16,407
147,125
129,140
101,185
162,88
112,170
45,301
63,261
94,196
134,148
36,355
121,145
103,176
66,264
119,140
8,473
195,70
27,373
34,342
28,353
159,119
145,98
108,175
123,150
183,75
9,456
57,279
45,321
134,127
142,118
159,101
182,87
11,454
69,250
95,191
130,142
103,170
17,410
110,153
36,351
131,146
191,75
43,328
93,192
33,362
102,182
29,379
151,87
187,81
81,229
177,91
183,79
75,254
156,114
199,83
109,173
104,177
72,249
25,383
135,138
121,145
75,230
162,86
150,122
67,276
178,98
176,95
104,186
119,161
70,247
57,279
153,99
66,277
144,116
58,281
117,144
169,85
51,290
21,402
79,233
56,290
98,194
47,312
118,161
171,89
84,220
108,166
31,378
15,421
176,97
62,273
70,263
131,128
166,93
87,207
58,271
195,91
45,312
172,80
8,476
127,148
66,257
71,227
189,93
17,441
71,252
97,195
36,351
68,249
108,182
21,401
46,321
174,90
92,199
107,163
124,133
16,431
150,107
134,132
184,81
45,322
186,77
156,112
145,116
164,95
12,451
50,304
59,279
104,186
12,448
190,84
40,319
93,224
130,143
93,203
108,168
153,93
85,221
74,250
127,123
31,376
175,102
188,91
105,180
98,187
103,188
41,336
178,88
151,105
12,427
71,254
96,188
22,391
56,274
16,424
186,66
179,94
134,136
2,501
62,259
123,132
42,346
117,147
117,156
43,318
52,289
123,152
186,77
148,127
56,268
67,256
59,272
48,307
35,351
136,135
76,232
32,361
45,336
85,202
123,135
195,90
102,197
27,364
119,174
3,491
57,276
193,73
148,110
199,68
121,145
169,80
1,482
74,241
109,160
132,119
71,251
10,458
127,146
157,105
15,422
19,426
186,87
110,189
181,94
46,319
18,435
106,174
3,486
70,248
22,396
55,311
118,145
192,57
41,327
110,170
117,150
136,125
65,242
131,122
157,91
70,257
18,404
186,71
117,153
1,484
22,404
95,198
151,125
136,128
157,83
172,84
115,155
62,282
19,411
59,281
124,142
80,230
147,109
22,385
83,192
68,258
5,479
5,480
153,109
24,374
129,131
114,159
28,371
47,318
85,212
188,83
19,425
87,214
142,123
70,235
114,160
8,446
37,333
86,214
72,231
125,166
10,462
67,256
141,94
39,320
64,286
30,365
132,145
45,314
134,121
16,415
22,386
21,411
193,76
158,98
24,373
64,261
141,128
26,408
98,198
20,411
61,263
124,157
134,132
171,92
177,97
9,455
128,148
101,170
165,89
16,431
4,480
32,360
84,204
93,207
128,123
17,431
41,332
45,319
16,426
20,401
42,328
10,456
52,301
188,75
176,85
151,109
33,357
127,123
153,103
50,293
101,180
100,175
88,211
198,81
79,224
183,83
98,183
68,252
78,243
132,118
28,371
29,375
82,219
122,144
176,74
105,179
72,242
110,173
113,172
141,122
43,339
9,467
40,331
46,330
58,287
184,92
140,105
101,189
25,393
89,197
144,103
179,82
124,145
99,180
181,74
180,77
195,64
124,154
24,385
107,155
14,443
22,410
128,138
31,355
85,194
58,280
69,256
147,107
106,181
181,68
85,214
2,470
181,72
195,54
47,318
115,162
53,319
185,81
25,385
35,342
157,114
87,236
110,177
145,119
80,225
177,69
184,88
131,128
22,389
142,119
131,127
38,333
87,205
21,386
179,81
24,396
96,182
45,332
197,64
172,79
47,321
185,79
147,128
162,115
131,121
39,361
92,176
75,224
188,63
138,139
168,98
2,493
45,295
155,106
53,319
137,132
103,175
129,148
161,101
38,337
57,276
161,105
176,83
3,487
32,340
149,112
68,243
145,128
170,81
68,246
84,202
12,452
45,324
164,86
80,215
179,91
135,150
161,104
48,321
194,69
33,349
84,214
101,193
155,100
47,309
85,236
194,89
43,327
80,236
147,103
196,77
138,127
22,405
194,58
130,121
108,164
98,174
18,408
128,165
19,426
158,106
134,135
27,386
15,428
159,105
172,99
138,123
149,127
175,84
183,70
123,149
95,191
164,94
127,149
74,235
58,271
147,111
192,66
110,159
138,136
49,296
182,82
61,268
187,76
130,116
75,243
8,459
147,125
196,74
142,121
22,401
17,444
107,163
63,269
122,150
26,369
164,96
117,140
45,318
30,354
116,161
149,100
148,114
170,75
90,208
119,151
184,78
140,125
8,467
93,189
117,155
191,69
56,299
135,126
62,261
121,134
61,269
138,119
50,307
148,116
28,383
142,108
76,207
8,462
135,138
5,472
1,513
111,164
73,234
106,177
10,466
186,77
65,269
188,72
148,110
58,291
171,73
157,94
2,496
154,104
59,280
105,180
1,482
31,353
38,353
22,397
194,65
175,91
1,505
88,215
178,89
164,109
173,94
164,91
162,102
9,465
110,158
84,210
132,136
63,273
132,133
133,135
138,101
108,186
172,97
40,342
36,355
35,360
59,291
193,84
116,161
31,375
174,91
49,299
134,126
198,65
106,172
19,411
96,180
170,93
30,378
26,381
131,132
161,107
50,305
159,111
111,172
196,63
96,194
82,226
138,119
22,390
191,74
54,270
179,50
81,228
132,126
37,342
199,71
63,266
51,293
136,148
1,494
8,489
81,213
105,171
183,80
112,164
137,137
179,60
144,134
181,63
59,269
45,319
165,100
91,199
66,254
192,73
36,345
76,245
50,310
99,190
95,204
181,85
185,76
147,99
154,126
118,165
100,172
68,261
112,168
171,81
127,154
95,195
122,136
186,66
127,145
103,169
59,270
46,320
196,64
40,330
141,114
121,156
105,187
9,440
66,249
53,272
81,224
4,482
126,132
142,116
105,180
136,144
97,182
190,76
173,94
92,217
195,75
190,94
78,215
83,222
70,246
36,349
84,204
129,150
188,82
141,124
140,106
75,245
100,177
145,109
175,72
53,291
67,250
10,466
46,306
83,211
117,149
4,472
57,269
38,348
140,122
31,361
130,130
129,139
81,216
25,389
5,480
48,313
142,135
52,307
74,242
149,117
153,128
99,178
67,261
119,143
178,93
103,185
33,357
145,130
198,70
34,359
154,91
170,114
159,92
113,149
51,306
36,351
13,424
85,205
13,435
32,356
133,134
12,453
187,99
169,77
37,345
68,254
106,174
176,88
171,91
93,209
41,336
56,270
69,238
11,457
137,132
113,159
28,383
22,407
85,224
6,469
26,393
144,117
14,420
35,356
42,341
53,302
100,196
150,113
181,73
194,74
13,435
11,451
140,124
97,200
86,198
53,271
9,458
71,242
17,417
189,68
10,452
166,99
123,152
39,310
110,165
89,188
94,204
158,109
107,161
34,357
33,339
160,105
12,448
87,217
93,203
107,166
193,62
10,445
125,142
19,401
23,394
128,136
85,225
185,83
107,164
99,189
59,281
182,64
74,259
2,488
48,300
6,471
43,316
145,100
127,146
79,227
164,100
152,92
121,154
120,148
189,63
29,365
78,245
58,276
194,87
181,72
70,243
9,453
170,99
39,341
197,71
122,158
168,99
59,264
44,332
65,250
11,458
91,206
84,222
5,471
114,149
177,84
179,86
164,103
105,170
16,419
7,463
44,330
26,367
36,346
181,75
92,204
172,100
12,427
90,206
68,262
108,160
151,120
104,167
88,213
95,205
126,134
30,368
63,277
3,462
162,104
102,198
92,169
177,96
172,98
169,92
48,313
199,71
8,456
135,142
37,345
183,84
71,236
178,61
82,208
112,181
103,185
21,401
34,362
177,89
27,364
8,470
162,80
18,411
179,74
140,125
51,302
191,44
168,105
150,112
136,138
156,105
178,86
47,298
56,278
160,99
139,131
149,108
154,100
142,112
79,231
14,434
100,175
3,483
185,71
122,138
7,450
39,325
185,78
115,138
110,158
65,267
25,399
31,370
86,220
138,126
77,221
137,134
122,152
8,456
97,183
19,413
30,382
9,453
83,188
47,317
174,77
90,208
1,499
131,150
162,98
153,113
158,104
1,504
123,111
146,109
161,97
137,128
135,117
30,373
77,240
81,216
13,429
13,443
42,330
124,147
101,168
78,257
191,49
107,180
197,63
36,379
35,357
174,98
173,94
56,261
87,211
5,479
172,94
121,161
156,107
87,218
170,84
98,170
159,93
135,122
7,457
4,468
108,160
128,135
32,353
28,404
184,65
4,485
109,163
8,467
142,118
30,379
131,131
130,137
10,430
70,235
119,137
71,261
144,128
70,250
91,212
120,140
150,126
35,353
124,142
112,173
102,190
177,71
130,145
194,70
147,118
197,66
132,123
82,207
104,171
41,336
56,288
55,291
159,110
127,140
150,131
75,240
176,76
80,211
128,142
132,131
149,101
169,91
45,313
84,211
8,475
107,179
117,166
9,474
146,117
31,369
35,356
158,114
18,428
169,86
24,382
86,201
48,310
142,109
147,119
60,253
93,216
22,388
30,364
143,114
21,420
154,107
100,173
12,443
135,130
103,182
35,341
68,262
130,138
20,424
47,311
84,215
12,442
53,307
17,429
18,410
104,203
152,103
72,238
165,106
105,173
158,92
84,228
52,317
151,100
37,358
123,141
97,169
152,116
100,165
120,143
50,301
148,113
47,323
18,412
122,162
26,385
120,140
71,252
43,343
47,308
85,203
43,319
128,122
160,104
7,451
32,369
88,205
65,268
58,277
181,87
92,189
34,359
90,197
197,76
184,78
66,269
160,98
98,180
50,305
24,417
174,99
131,127
114,160
10,446
134,122
98,188
52,295
50,293
110,160
58,280
180,77
13,439
125,136
59,282
167,87
53,301
186,75
20,388
191,71
96,196
10,447
154,105
147,121
61,287
77,243
118,155
162,105
84,217
172,75
18,430
121,162
112,146
72,240
144,134
104,179
77,222
26,398
193,74
194,85
103,179
155,85
4,498
51,289
131,131
87,221
66,281
144,118
28,381
44,310
146,113
2,501
172,93
148,131
56,272
120,136
104,170
151,104
118,163
60,270
199,57
173,93
47,305
78,218
165,107
136,141
133,142
23,389
105,169
10,458
113,169
27,379
99,198
1,475
71,240
115,180
136,128
139,120
127,145
116,147
156,82
34,386
171,82
156,107
177,87
189,80
165,88
131,109
9,450
89,206
130,137
23,413
179,81
145,119
153,100
155,100
20,429
73,234
164,93
156,116
29,393
120,159
170,99
58,267
118,159
32,360
140,128
158,100
60,269
139,110
101,181
139,126
112,142
111,159
80,222
99,192
178,78
1,501
89,208
113,170
27,376
116,154
32,369
6,461
41,331
164,107
167,87
87,213
158,103
57,297
139,125
90,209
131,133
48,304
134,133
7,461
44,332
61,283
182,82
179,79
86,214
48,297
61,264
97,179
168,86
131,129
158,90
152,107
195,69
2,496
44,323
168,107
19,419
191,97
152,98
50,313
20,394
57,293
113,165
50,301
95,195
105,170
186,72
159,106
165,80
107,175
93,196
4,477
186,73
138,128
63,277
164,119
183,91
57,291
171,83
105,169
65,261
140,128
62,264
152,121
130,130
175,74
126,152
184,82
144,116
162,85
146,126
29,398
182,86
51,294
14,437
94,201
58,285
163,90
137,122
128,132
37,349
103,178
12,455
85,216
139,132
27,379
88,189
171,104
178,86
98,192
20,418
141,125
47,294
8,458
197,65
71,241
64,262
44,323
12,463
105,180
4,488
40,330
147,130
182,82
1,495
119,134
141,129
50,313
181,91
170,77
109,178
153,105
44,309
109,190
98,203
189,82
81,228
149,128
179,79
76,259
80,225
52,307
63,272
84,206
182,81
138,141
87,202
111,178
59,284
8,448
51,300
133,132
76,224
170,94
78,216
124,153
12,435
24,390
45,319
53,309
181,69
145,112
193,74
118,153
186,79
37,343
75,239
170,72
198,83
79,226
168,120
23,394
151,121
49,299
128,139
135,120
37,342
144,111
38,347
99,202
168,98
29,403
103,186
145,108
148,138
110,176
153,94
60,274
166,103
63,272
39,347
126,152
192,67
83,223
21,407
32,361
28,386
103,180
12,455
121,152
111,162
79,229
92,206
120,151
85,209
80,226
151,125
15,437
101,186
12,442
132,136
35,343
95,192
189,81
27,383
125,140
161,88
13,438
165,89
172,89
2,493
166,110
37,355
187,79
114,181
120,155
69,244
18,415
48,335
81,215
66,255
177,95
106,164
58,290
163,110
78,232
186,94
7,465
103,188
109,144
9,464
69,264
132,142
160,97
133,117
56,297
56,277
44,315
72,241
141,129
132,146
180,103
15,432
120,154
110,171
82,216
84,223
1,490
193,84
139,115
189,85
93,207
88,192
84,220
191,90
166,98
197,71
45,315
74,244
198,66
68,259
4,489
199,72
48,321
97,194
137,124
90,186
175,83
60,274
52,304
124,127
86,194
161,82
186,78
97,177
48,315
133,129
27,367
169,103
1,496
51,312
144,120
99,202
100,191
160,88
103,174
47,307
151,89
15,440
154,112
37,361
183,65
130,126
76,225
147,131
32,378
197,58
55,293
99,193
56,285
29,395
109,144
84,197
164,99
116,145
71,256
82,205
53,301
85,214
86,231
167,87
76,251
11,456
76,225
30,362
79,239
107,173
181,81
82,238
136,137
20,401
12,438
67,261
178,87
126,149
140,132
54,307
80,221
124,169
182,91
74,241
147,114
142,125
180,65
150,111
132,147
116,153
59,258
162,86
64,261
128,142
18,409
82,207
31,359
84,235
42,355
131,140
85,216
183,91
10,439
71,240
22,380
151,115
76,233
13,431
168,113
123,159
141,122
97,182
95,196
51,301
192,68
83,208
96,194
90,206
126,131
13,419
157,101
199,54
175,79
154,102
198,74
118,148
151,113
75,227
184,83
19,410
98,191
111,178
178,82
108,168
35,357
177,90
174,64
93,186
198,71
100,200
181,67
159,96
96,194
84,206
150,117
67,263
136,133
19,415
31,357
32,360
55,301
103,182
159,79
195,79
51,304
122,144
92,197
155,100
176,87
110,166
43,323
179,86
197,68
75,246
71,254
72,230
178,88
189,73
103,169
41,335
179,88
78,257
24,371
30,366
52,322
178,77
57,286
190,77
79,228
117,150
181,77
196,74
197,68
31,370
76,239
30,380
113,172
138,128
172,78
134,144
155,110
20,418
20,414
12,441
85,211
49,323
180,84
10,452
5,468
64,261
186,88
136,129
158,116
17,426
67,257
21,401
16,427
27,374
115,165
6,471
42,327
144,116
173,96
3,479
40,346
20,406
7,473
59,273
139,119
93,212
52,304
131,136
21,391
181,86
158,113
11,450
153,109
50,305
9,461
45,313
29,374
62,270
15,440
19,392
143,130
167,79
35,346
141,122
144,126
67,267
95,187
55,295
193,64
35,341
16,442
129,153
178,81
14,421
62,258
135,141
151,115
99,175
191,76
29,366
150,96
93,187
6,482
157,87
89,204
2,479
192,85
96,190
36,359
96,184
148,116
183,74
37,332
102,172
180,78
69,238
70,256
150,103
107,182
15,423
98,184
47,304
199,68
108,162
108,161
69,266
52,309
167,114
2,489
45,300
152,109
189,68
111,160
92,199
122,165
65,262
181,102
116,150
149,127
127,142
67,235
94,197
129,145
59,261
115,156
116,152
47,322
109,164
18,414
113,153
33,350
143,110
24,381
36,336
60,289
162,113
90,215
51,301
168,89
150,117
144,133
104,179
170,87
16,432
133,166
134,123
170,81
30,383
160,111
181,71
147,118
51,297
156,93
175,75
72,238
128,141
107,179
127,136
129,135
196,76
185,76
150,109
94,207
58,276
13,433
167,88
27,380
167,107
121,153
140,122
152,108
18,425
119,151
15,429
188,80
144,111
97,209
74,257
47,313
152,108
173,80
19,414
91,191
169,91
31,374
16,436
151,125
78,234
23,388
41,347
146,126
164,93
12,434
75,238
197,83
179,79
85,215
160,107
71,231
164,91
168,109
126,123
70,260
166,107
182,85
4,482
174,71
63,271
50,299
30,383
16,429
180,67
4,473
26,370
157,91
139,133
92,197
108,163
152,109
51,296
42,330
167,115
135,129
18,429
3,466
191,70
20,397
98,190
73,249
74,247
123,145
70,260
145,120
79,233
187,72
182,76
141,119
42,341
44,317
80,209
67,254
20,403
47,323
24,395
179,88
146,127
23,400
129,128
123,150
115,170
66,258
133,133
18,413
117,157
35,357
153,120
106,191
152,114
141,137
149,116
39,345
162,125
147,114
156,94
91,223
114,167
139,113
177,84
35,357
84,208
76,222
57,291
28,359
66,253
65,256
150,102
51,297
91,199
137,97
199,71
164,105
182,96
166,95
66,237
171,99
133,133
81,230
165,97
186,83
63,257
99,174
51,299
72,243
43,317
67,248
195,63
65,273
62,259
191,79
158,95
90,208
166,109
104,188
51,297
107,174
38,338
67,265
77,231
100,198
105,165
48,301
140,130
20,414
103,197
72,241
117,150
111,159
130,133
120,154
183,64
134,119
83,220
128,143
108,167
190,79
177,70
84,208
182,73
138,117
152,118
157,114
119,130
94,176
109,169
134,125
186,76
78,232
185,96
131,134
24,402
147,111
9,462
158,110
96,186
77,225
82,215
172,98
181,89
86,187
196,66
60,279
151,126
61,271
135,133
172,91
183,75
75,223
39,326
122,155
187,78
106,166
98,173
133,140
170,81
92,206
14,433
155,106
16,444
130,115
147,106
151,126
169,102
14,432
175,106
63,276
8,456
27,371
111,179
40,327
156,108
68,268
123,148
61,272
166,78
128,149
108,152
152,123
156,88
169,84
146,128
49,321
154,108
3,482
77,233
166,75
142,132
129,131
92,197
123,147
118,156
11,452
168,105
4,493
162,99
193,80
184,88
10,435
81,218
71,237
103,179
192,86
141,130
22,409
56,282
122,144
193,67
92,190
97,195
141,117
1,482
38,345
186,79
153,111
42,343
85,214
161,94
185,72
37,336
185,71
98,175
62,270
131,128
30,372
195,68
191,73
82,238
23,409
66,243
189,69
2,471
155,102
176,89
63,277
5,486
129,141
150,102
74,247
109,169
24,395
59,297
178,75
23,418
146,134
89,206
22,403
44,315
44,324
37,346
7,459
24,386
169,90
70,248
71,229
146,127
72,238
60,271
180,84
177,82
195,83
45,316
137,121
116,163
154,115
154,132
30,351
27,382
132,140
179,74
83,232
98,181
70,249
79,238
138,115
118,152
106,181
36,350
46,322
104,185
134,126
108,186
104,168
70,262
89,209
3,479
178,76
42,331
110,164
182,86
167,92
118,154
55,294
139,124
114,157
30,374
108,166
81,229
184,84
157,111
17,429
33,357
102,160
21,404
111,167
10,451
103,171
39,351
78,221
175,80
86,207
52,294
41,326
175,87
87,211
199,59
88,196
171,98
37,345
123,156
64,270
199,65
188,81
153,116
119,144
150,96
171,81
124,150
199,86
198,69
36,362
46,325
22,394
35,352
113,168
175,75
33,368
141,133
56,294
67,255
13,444
50,313
185,64
28,354
104,182
98,182
96,193
87,211
88,220
193,74
152,115
195,76
125,151
81,217
7,469
74,215
83,212
24,404
137,114
114,148
15,437
113,155
184,92
122,148
86,227
145,134
19,426
9,452
64,252
185,91
38,342
136,130
134,142
177,74
102,186
173,84
149,121
93,201
34,365
140,119
39,331
96,191
6,465
81,216
32,356
188,83
136,148
166,103
147,122
183,87
9,448
180,90
156,87
62,273
176,93
114,168
167,101
181,69
191,68
19,425
33,363
64,267
26,380
173,78
1,488
194,58
163,103
77,202
103,171
96,211
173,86
76,226
33,382
82,216
69,271
83,215
159,111
192,96
106,175
102,177
114,167
143,110
46,328
120,144
48,294
68,252
83,214
85,189
126,142
168,82
121,145
129,127
20,416
150,111
182,66
65,275
143,123
61,267
79,219
14,434
69,238
122,161
49,318
134,128
169,88
159,93
116,159
90,206
192,80
89,208
179,75
187,70
183,82
117,148
122,161
177,85
168,79
15,429
198,67
193,86
7,467
190,81
54,290
180,93
179,97
4,471
1,489
105,173
66,268
163,92
81,200
138,134
195,63
68,250
102,176
193,52
51,288
30,379
39,338
138,135
172,106
160,85
172,86
63,265
61,287
65,250
169,96
81,235
12,452
124,150
2,483
73,252
76,218
188,81
25,372
118,172
189,64
108,165
99,202
22,406
56,278
149,114
55,291
40,339
179,81
150,108
156,112
121,147
4,470
26,382
112,163
113,165
188,78
23,384
169,97
58,278
8,456
116,166
51,293
189,93
1,512
120,161
30,364
17,428
151,113
102,173
122,158
152,109
86,187
69,266
89,220
180,82
71,252
58,283
150,107
59,304
172,83
37,346
162,88
100,193
113,168
185,87
185,66
168,96
20,413
17,409
180,87
4,474
191,71
50,309
82,222
50,296
16,415
72,242
61,274
44,322
146,115
50,301
80,239
30,372
49,308
98,185
149,108
150,130
175,93
25,397
56,278
192,83
156,95
161,103
194,73
4,494
12,438
145,123
36,353
16,418
151,116
121,148
137,127
78,226
55,289
73,241
64,269
175,90
90,212
195,79
138,141
89,212
4,482
30,382
139,126
51,303
147,90
141,113
185,86
131,148
112,169
78,235
166,102
27,382
88,198
138,132
118,141
181,87
155,120
7,469
115,164
92,210
90,202
82,235
13,449
72,245
91,179
188,75
142,120
105,178
44,337
198,79
84,218
28,375
23,379
12,451
152,113
51,310
108,174
150,106
62,274
26,389
58,290
199,66
143,114
68,255
6,471
111,160
130,131
159,115
24,393
35,364
47,334
31,365
89,199
76,224
118,165
130,136
104,179
59,274
96,191
63,293
145,112
54,272
125,144
149,108
22,409
125,144
97,202
116,137
183,87
29,389
149,110
2,487
42,325
52,293
38,354
131,126
153,115
77,217
190,63
143,121
198,59
105,164
10,465
120,156
127,141
114,167
69,237
109,159
44,325
169,78
20,396
107,169
165,98
167,92
119,143
109,160
198,67
8,469
43,341
138,127
41,313
132,143
132,140
24,388
21,403
138,140
46,332
198,61
121,171
44,327
100,209
33,346
94,190
36,327
153,106
13,447
167,113
166,88
158,107
14,432
50,311
68,252
1,492
189,58
3,488
178,99
189,63
164,106
132,134
171,70
14,431
89,203
103,183
125,149
67,257
7,473
8,453
44,320
192,72
135,141
48,291
62,275
25,404
118,155
196,104
192,68
113,160
146,111
122,145
4,487
145,114
47,304
118,138
45,317
89,205
186,75
3,507
140,130
145,112
118,161
22,409
39,338
39,334
107,162
100,198
16,424
179,82
118,165
29,374
71,270
169,87
185,75
156,98
77,223
149,117
132,141
126,138
99,186
116,159
15,443
181,76
90,205
174,92
135,134
146,117
89,216
149,106
116,155
136,122
187,70
20,411
82,230
117,147
67,265
183,77
62,259
18,411
91,211
110,156
56,306
85,215
150,95
8,451
139,133
107,157
12,450
176,74
103,182
63,279
27,385
35,361
130,144
136,117
20,397
8,444
191,77
68,252
159,92
160,104
141,138
86,218
26,399
81,219
157,106
120,154
18,426
69,235
140,138
130,139
170,104
135,140
47,291
123,149
54,296
15,428
186,78
161,91
195,70
191,71
176,81
66,255
81,199
193,67
36,340
17,414
2,476
33,357
93,188
124,136
134,132
171,107
100,185
88,218
11,447
5,500
30,359
138,106
91,210
91,209
152,91
187,76
122,166
118,163
195,56
61,251
102,196
26,377
109,178
112,170
39,338
3,478
38,357
42,306
48,320
13,436
89,198
88,206
56,297
187,65
63,270
80,231
43,323
75,225
57,275
149,130
182,90
181,88
173,110
164,89
63,266
126,142
125,156
1,479
92,200
195,71
119,160
161,96
32,375
186,82
126,134
26,391
61,270
112,168
145,105
69,248
29,384
63,280
134,135
105,173
187,72
115,151
21,398
173,80
173,88
87,204
35,358
52,301
46,327
194,78
57,291
42,320
77,236
98,190
16,406
133,132
1,485
150,96
48,306
122,141
26,378
34,341
114,178
58,267
135,126
25,396
185,88
140,112
159,100
27,387
86,215
162,103
118,142
81,214
75,235
93,194
34,358
115,148
165,106
186,66
113,164
112,155
60,272
26,371
126,140
173,95
45,331
32,362
197,58
71,254
23,401
193,71
167,89
195,70
173,89
195,79
63,258
70,242
54,289
27,368
93,204
79,233
36,352
133,156
195,78
179,97
32,364
149,107
17,407
154,110
22,407
41,341
59,272
75,243
122,135
10,453
87,215
5,482
55,297
26,391
4,482
107,184
27,381
126,142
186,94
3,457
50,309
125,149
26,381
146,116
135,129
117,153
45,318
141,126
6,465
163,98
53,281
196,64
170,80
4,482
60,264
173,75
72,229
75,226
66,269
22,417
140,120
51,285
145,114
164,111
93,200
49,292
16,444
44,318
107,166
150,123
94,198
8,474
110,165
18,417
80,220
118,155
72,243
94,188
38,325
157,109
81,226
107,169
130,146
187,79
42,333
118,154
21,389
130,149
5,479
17,409
24,389
136,134
158,118
178,87
150,119
59,294
152,125
26,388
61,278
136,119
12,443
14,439
30,366
183,67
99,185
189,58
62,284
31,366
27,392
1,486
41,327
142,127
74,253
178,86
42,320
199,77
40,324
14,448
100,195
91,194
139,123
191,69
106,177
49,311
165,79
106,178
138,125
182,69
7,472
81,238
140,124
101,196
55,297
164,105
7,471
152,107
34,348
126,173
193,74
29,376
26,396
74,220
193,78
45,332
17,435
164,103
63,256
151,119
93,186
66,273
92,207
117,151
42,339
71,244
75,237
71,253
43,325
55,286
56,279
79,236
159,102
83,229
184,74
121,139
176,97
180,72
72,238
1,501
130,154
93,201
42,318
74,230
9,457
114,166
31,357
96,182
2,490
24,400
171,78
198,45
43,324
51,327
174,83
75,248
99,176
1,496
124,156
117,154
87,198
195,72
129,146
118,173
63,253
76,237
190,66
189,77
168,85
95,187
157,120
35,353
92,186
85,212
139,131
139,127
191,79
197,89
56,295
7,480
51,304
39,347
42,322
72,251
53,310
91,203
149,109
30,384
123,138
129,161
24,397
125,127
134,135
6,485
127,152
117,156
197,71
190,86
35,333
128,133
79,220
35,361
48,301
114,153
105,170
72,235
43,336
35,348
133,138
31,362
106,173
159,100
101,163
8,450
6,458
87,220
181,95
80,220
44,326
177,78
136,131
64,260
132,128
32,369
53,298
113,154
195,88
63,285
114,161
188,82
77,255
161,106
22,388
127,141
31,363
24,389
3,490
33,355
154,116
51,294
30,359
163,111
25,387
28,386
97,180
87,208
26,392
120,143
136,133
101,194
97,193
15,425
49,300
111,157
8,453
183,88
85,204
128,136
186,80
131,131
137,120
14,447
91,195
148,116
4,475
152,104
76,221
28,378
99,173
159,105
67,253
192,64
117,144
17,399
134,137
107,171
188,78
81,227
11,464
166,85
101,176
162,104
175,94
160,102
107,151
120,128
185,78
174,99
163,112
150,94
144,123
106,178
118,148
76,235
5,473
26,374
77,225
152,130
67,259
32,351
151,99
177,101
119,147
190,71
102,188
109,165
79,222
66,261
139,117
80,220
146,132
10,444
77,229
60,296
8,426
199,87
48,315
81,227
41,336
123,142
8,452
93,197
165,95
91,204
165,93
64,272
187,85
127,126
88,190
45,311
144,105
26,396
159,95
155,111
171,89
15,439
58,276
177,69
79,220
25,362
68,238
36,352
117,157
80,219
175,85
59,261
180,89
40,333
171,96
117,160
184,82
81,213
131,138
71,250
140,117
193,76
171,76
101,188
70,251
174,103
188,96
189,73
177,90
25,393
89,203
131,117
196,59
63,261
30,373
93,211
132,133
78,240
85,228
71,240
149,99
71,246
129,124
188,94
34,368
87,224
131,118
18,414
43,326
76,238
78,226
41,306
106,178
109,186
24,413
24,391
3,486
187,67
186,79
73,237
24,388
194,57
119,168
40,333
71,241
137,129
109,162
103,158
188,89
167,94
33,367
162,101
62,278
85,221
61,249
93,202
27,373
126,133
145,100
60,292
170,90
47,308
112,155
87,233
181,92
109,144
149,126
136,119
73,248
122,143
97,172
186,73
68,256
63,269
187,74
82,221
30,372
25,399
121,162
97,190
99,173
106,180
56,292
162,108
178,75
130,144
53,297
126,148
41,324
23,379
189,62
31,376
194,89
2,498
197,57
60,274
78,232
23,398
185,80
35,342
1,480
105,165
176,74
49,307
168,96
62,255
15,430
158,121
21,407
136,124
135,138
105,199
34,358
121,143
192,74
170,105
181,81
96,192
198,83
10,454
90,220
58,266
109,173
99,206
109,193
132,129
89,203
136,148
12,440
118,148
88,202
88,199
153,98
155,104
130,120
73,235
183,96
186,87
161,94
83,221
177,84
5,468
47,289
24,384
121,146
95,218
172,96
196,69
142,126
164,100
51,293
134,130
145,114
82,205
72,238
51,299
52,302
12,444
81,232
95,191
115,171
129,140
11,453
16,429
101,177
113,168
92,193
9,447
119,155
123,146
8,454
25,390
168,100
195,69
119,168
151,122
190,71
23,386
44,321
56,290
196,54
123,129
23,385
9,468
4,495
162,88
162,85
121,151
98,189
170,79
131,125
83,211
34,352
105,178
107,148
43,344
195,75
165,97
12,437
16,418
62,261
17,417
15,434
26,397
45,305
130,132
145,119
65,263
94,190
30,367
68,251
106,161
44,313
96,173
60,285
1,501
19,400
33,348
164,83
91,192
24,396
83,247
125,139
153,113
139,123
9,459
6,468
58,291
100,190
122,148
101,189
157,114
11,441
151,115
154,116
1,500
81,229
175,88
110,172
169,108
151,100
100,184
105,167
133,126
99,191
178,67
9,446
132,146
199,55
193,87
57,283
124,144
153,101
186,75
6,473
142,119
63,257
118,160
65,273
52,281
65,283
125,146
100,189
136,143
96,170
8,446
14,414
24,381
192,79
93,185
25,380
134,123
129,136
87,207
33,351
142,110
191,71
56,286
190,89
28,368
29,373
23,377
172,100
38,340
177,93
43,337
10,457
27,383
136,109
196,69
85,204
158,92
13,420
58,278
3,476
100,176
104,166
5,489
22,390
186,74
66,256
89,203
40,352
88,187
122,150
5,484
144,121
117,177
15,444
75,229
80,223
18,425
175,86
102,179
132,154
53,304
58,301
112,162
85,215
75,240
58,287
116,154
59,268
162,91
30,369
182,65
68,257
75,213
68,238
154,119
131,136
57,287
165,99
166,114
41,344
4,497
154,102
39,337
109,154
106,183
108,177
170,84
11,442
11,452
54,289
166,88
20,405
154,103
128,143
76,232
119,123
14,434
178,77
123,153
25,391
183,73
179,77
106,175
106,173
103,175
10,451
14,439
133,116
185,93
22,397
75,248
29,395
135,135
146,97
159,90
171,95
35,346
71,261
94,188
4,486
51,299
94,196
30,377
94,164
181,81
110,175
74,227
142,127
164,95
87,203
140,121
76,248
162,101
26,373
134,134
101,183
115,170
181,81
143,130
106,174
103,182
147,108
104,182
175,107
77,249
95,182
189,58
107,175
112,161
52,289
18,439
188,107
175,69
57,275
33,347
104,168
160,112
132,136
169,101
19,427
7,470
26,376
87,215
98,187
179,82
184,71
199,78
179,89
136,137
141,113
32,374
34,359
146,126
55,281
43,327
152,121
149,119
146,115
142,126
181,72
19,420
57,292
192,78
80,224
2,494
185,78
162,97
49,314
90,219
182,83
22,396
172,80
91,195
163,120
29,390
6,480
165,109
123,141
85,224
186,89
192,72
159,90
123,132
104,181
178,79
188,80
14,432
70,237
139,142
155,96
102,174
69,251
79,228
38,326
62,277
181,88
80,247
146,119
117,154
126,133
180,70
24,391
99,173
135,138
14,430
178,97
94,198
24,397
13,429
147,121
29,378
22,382
2,503
103,187
36,341
38,351
18,413
51,294
143,123
128,149
180,98
17,439
112,147
77,214
22,397
123,137
182,106
180,85
128,137
90,198
174,90
132,112
7,475
138,140
15,413
154,113
40,340
189,81
102,186
144,108
98,186
120,159
18,401
2,491
182,87
120,147
146,121
54,292
166,93
97,185
73,254
143,118
192,65
92,187
8,446
174,73
100,179
39,337
180,80
136,120
106,168
178,91
50,314
83,235
196,71
27,395
77,233
38,356
21,411
45,319
186,58
151,109
182,73
30,367
95,206
144,123
52,307
106,179
41,322
199,88
81,221
24,404
148,130
103,165
155,105
2,497
60,272
51,328
129,140
91,207
101,200
114,146
6,466
166,85
54,296
188,93
27,371
80,211
190,77
63,280
99,178
91,191
35,368
58,278
189,82
36,363
102,185
92,200
56,276
67,251
57,286
169,105
31,362
131,129
166,100
181,74
52,302
152,101
154,110
105,172
111,166
92,207
37,344
117,159
176,79
67,250
169,81
49,306
28,381
32,367
99,203
199,73
71,241
32,386
166,87
148,116
136,139
68,259
154,86
70,255
48,304
96,184
197,53
108,171
46,311
186,81
198,60
67,292
29,370
83,230
138,137
71,256
193,64
65,280
145,120
22,405
100,183
14,435
6,471
158,88
47,315
148,122
144,113
196,69
34,339
1,506
176,102
8,464
22,405
68,256
34,363
188,79
173,99
37,352
121,157
23,401
84,223
117,148
24,374
141,121
69,269
80,231
60,282
38,332
176,91
154,96
77,231
85,211
129,142
4,481
195,80
114,170
80,237
109,198
141,115
167,90
31,363
152,90
128,142
79,226
5,487
127,150
177,90
86,214
86,206
139,127
24,397
45,319
111,165
34,357
139,127
185,88
157,78
150,114
161,103
122,156
177,84
109,147
23,379
197,49
29,384
6,457
52,310
89,202
89,203
122,165
142,124
17,408
28,379
9,467
115,153
124,163
194,59
4,459
148,131
169,84
36,339
134,126
65,251
178,93
192,69
3,473
37,343
109,159
3,485
161,90
187,75
143,118
56,304
61,283
68,255
79,224
71,243
111,166
196,62
190,71
195,69
23,397
14,436
134,138
33,369
9,462
140,141
117,162
95,193
179,83
3,494
184,77
46,320
36,354
141,97
13,424
186,87
85,218
162,71
43,298
128,154
156,112
184,93
47,303
163,92
19,432
83,222
97,190
179,82
99,169
148,125
29,354
128,146
72,244
65,264
38,336
177,100
124,139
94,195
156,105
33,356
13,443
172,97
101,181
180,89
127,147
77,235
121,164
169,108
49,302
110,163
135,137
36,348
93,200
154,95
155,103
24,394
199,59
81,206
161,113
98,172
146,132
105,186
5,479
129,142
71,253
122,143
3,482
36,347
163,101
179,77
121,144
140,143
15,433
132,122
184,88
16,423
134,125
63,291
23,398
77,223
172,84
1,497
185,80
76,239
27,365
25,378
86,210
62,264
146,105
93,201
30,375
158,120
84,223
175,92
150,110
125,170
170,88
34,352
191,84
4,464
31,366
51,301
50,299
14,445
8,466
101,185
69,251
136,125
139,104
29,380
183,90
167,94
141,107
64,259
49,302
19,409
127,145
195,58
83,216
96,190
115,173
103,182
180,78
117,169
78,217
71,239
20,391
96,207
110,169
182,79
95,206
86,206
133,128
95,204
79,221
190,70
145,118
181,85
37,353
19,411
138,109
44,326
177,87
89,207
37,338
58,261
128,139
143,110
148,119
183,88
141,107
148,107
43,342
169,88
48,311
56,294
111,167
196,81
172,99
175,100
178,86
32,359
54,278
167,98
186,90
61,264
110,160
111,161
100,175
147,116
69,246
150,100
163,90
138,140
143,121
2,505
150,106
112,149
99,183
103,195
12,420
125,126
190,72
45,329
186,67
148,116
179,83
7,478
152,133
67,248
70,245
97,189
53,286
162,117
161,89
93,210
151,106
58,279
196,72
69,246
168,101
47,317
43,341
189,82
170,79
62,267
195,87
55,283
107,186
49,314
106,181
177,64
78,233
119,173
161,91
28,394
57,285
169,84
120,148
120,134
4,481
20,413
117,179
89,209
163,112
53,284
39,337
53,297
121,140
86,209
99,196
118,178
92,207
138,119
113,161
83,208
65,264
1,510
181,85
174,88
154,107
130,138
28,395
84,224
155,96
28,372
124,157
31,371
175,69
135,140
72,239
48,302
26,396
183,90
89,204
135,134
105,169
57,275
115,155
186,74
120,145
1,504
82,221
29,365
150,105
168,81
190,74
14,449
130,139
163,99
71,231
195,85
125,144
79,228
107,160
98,186
150,102
18,411
46,299
82,201
191,96
123,148
98,199
164,94
46,314
103,168
37,351
18,425
171,96
104,177
157,107
146,112
143,130
187,63
122,140
94,193
100,171
28,363
181,80
15,426
128,137
43,325
33,366
130,137
187,94
8,464
112,179
33,370
163,109
146,101
90,205
149,116
192,70
156,107
116,147
173,103
20,409
123,150
132,126
36,365
98,196
77,242
180,103
126,140
39,344
71,251
106,168
140,127
55,281
118,153
94,179
176,78
98,169
9,472
140,130
69,246
83,210
185,90
28,396
17,430
22,415
163,98
113,141
187,76
147,116
178,95
154,103
108,158
60,257
44,329
184,76
43,314
151,117
150,120
175,85
55,299
11,454
55,287
154,105
129,134
190,75
149,128
8,473
148,119
173,107
81,234
79,225
65,267
60,288
195,72
95,191
56,304
128,144
122,158
31,360
85,223
87,208
126,141
81,213
22,399
190,61
56,297
86,206
123,150
111,153
8,466
62,244
78,220
152,123
22,395
15,428
156,83
150,125
31,364
190,88
87,203
69,236
109,182
167,98
81,223
40,329
69,263
183,62
71,254
64,252
8,466
71,266
86,211
44,321
38,337
117,154
149,108
4,481
160,98
55,287
93,192
188,75
59,277
94,212
67,272
5,479
83,214
72,247
127,132
37,340
27,382
13,432
134,124
65,256
158,126
180,84
41,315
15,432
133,137
15,430
1,501
15,425
188,75
48,309
182,74
183,71
72,244
117,157
27,354
158,98
60,272
66,260
174,96
52,294
81,228
35,339
121,163
42,328
184,64
45,325
52,295
151,129
157,120
29,383
57,254
19,411
8,474
178,93
135,120
139,123
195,77
66,242
83,203
156,129
184,76
28,359
89,198
75,239
40,343
130,130
76,222
189,84
76,224
114,157
153,115
95,189
54,311
145,109
176,82
140,119
189,69
2,501
80,221
65,290
52,298
34,358
45,303
129,132
100,191
52,303
67,245
98,183
76,202
56,278
186,95
109,170
50,314
101,165
119,153
153,107
140,117
115,156
73,236
193,61
56,287
50,312
156,97
3,478
166,103
64,264
54,288
36,350
172,110
44,334
197,87
119,159
93,190
181,77
141,115
172,96
132,131
70,240
179,82
102,166
198,79
11,438
182,90
110,171
190,81
187,66
61,272
168,88
132,116
155,120
16,425
7,462
11,462
64,273
180,116
128,130
6,465
120,170
48,301
69,243
121,148
6,487
189,70
194,95
85,214
110,180
181,78
28,368
109,174
133,118
81,206
101,189
58,274
24,380
159,96
169,98
68,244
107,144
174,86
10,456
165,104
149,123
21,404
124,164
113,160
97,187
138,123
82,222
97,195
93,211
95,188
24,385
124,146
140,119
148,103
198,81
136,140
78,215
133,131
54,297
36,368
112,163
166,104
131,131
164,102
22,410
8,465
189,76
126,152
78,243
7,468
68,264
62,263
147,111
107,187
175,58
24,391
134,133
136,117
153,119
89,205
107,179
41,347
186,90
188,73
110,155
131,131
9,459
180,65
186,94
188,78
82,218
177,66
94,195
133,133
190,66
116,160
160,100
27,366
152,116
166,120
195,89
144,123
143,122
25,374
4,483
32,360
173,63
184,76
35,347
181,66
30,369
103,164
112,167
49,312
94,175
83,214
180,78
130,134
187,53
165,100
29,389
158,118
118,163
22,381
102,174
19,419
67,260
86,223
18,415
109,156
193,78
113,157
133,146
139,131
58,276
18,419
72,255
93,203
184,81
150,114
56,283
194,76
23,397
16,416
44,326
72,249
196,80
14,419
137,130
75,232
108,176
144,106
141,135
36,338
44,317
100,211
81,223
14,446
93,200
17,435
193,81
97,182
126,124
54,279
126,137
130,142
145,127
23,397
129,139
12,420
141,119
12,443
57,287
86,208
18,413
103,197
83,204
94,209
143,126
167,93
78,251
73,240
197,61
161,102
176,95
133,138
88,202
8,468
147,98
180,96
12,451
72,222
136,121
55,301
122,145
93,197
162,113
82,214
193,51
47,326
108,165
35,352
160,99
179,79
106,165
134,129
137,117
40,349
176,98
96,197
154,112
82,203
37,357
180,78
140,137
166,112
196,68
16,404
189,78
24,382
145,111
115,156
95,203
4,485
50,319
108,162
102,192
131,143
8,468
12,455
163,106
66,242
181,76
93,207
161,105
114,170
18,420
104,171
186,70
86,195
93,203
45,304
143,120
143,119
45,330
196,93
100,180
197,75
195,71
62,260
84,228
172,94
20,415
167,103
39,348
129,136
108,180
67,254
47,300
118,159
54,305
148,107
137,111
95,195
28,367
64,258
35,353
40,306
125,139
102,176
2,509
131,133
14,456
99,198
68,258
47,316
94,199
182,82
186,63
190,78
51,301
48,311
155,124
77,229
183,70
125,138
113,170
177,88
152,110
10,439
135,142
116,151
17,425
22,400
59,261
44,326
11,436
42,332
23,392
118,152
188,83
62,256
111,196
54,283
82,227
119,161
109,183
112,156
13,432
68,264
107,177
27,387
115,172
168,94
74,240
92,213
85,215
116,147
75,227
84,213
83,222
138,135
15,454
45,316
181,68
82,204
7,464
158,103
78,235
30,395
118,160
155,107
49,316
185,63
192,76
101,166
191,88
176,73
169,102
81,231
30,385
3,476
37,345
30,380
54,295
113,166
86,219
100,181
85,204
135,122
8,461
86,204
63,263
191,74
192,88
158,92
93,190
138,125
197,59
49,276
121,143
39,336
34,358
102,171
10,469
9,465
188,65
96,185
133,125
163,87
139,136
42,318
80,226
91,196
148,112
179,94
1,498
11,452
61,275
79,232
167,84
104,170
48,313
82,213
28,374
89,208
75,247
80,233
36,365
87,211
70,249
107,165
190,80
106,186
70,243
10,457
5,487
28,370
59,283
137,133
167,72
92,194
62,258
89,200
107,167
38,342
152,118
192,86
121,151
171,103
110,175
144,118
66,273
66,259
197,72
46,306
149,116
60,279
138,134
146,114
90,196
169,96
164,104
113,158
85,205
66,254
46,332
118,144
151,100
167,113
95,192
4,468
169,78
3,491
181,85
120,156
74,230
106,161
96,197
36,338
177,84
27,373
53,311
49,316
102,207
1,501
174,91
62,276
99,170
66,241
150,119
167,88
44,322
2,474
59,272
156,101
195,80
14,436
16,412
51,295
100,195
28,373
53,303
52,292
116,160
153,109
185,78
9,444
11,432
107,174
45,319
85,208
2,481
182,94
162,109
170,99
69,267
139,114
29,377
111,151
92,195
5,473
20,403
101,182
39,360
160,104
157,114
194,73
127,124
1,489
119,147
129,137
4,486
143,128
175,90
158,114
134,124
102,186
129,143
199,77
62,262
192,92
133,124
54,287
49,314
7,450
100,175
3,486
76,216
123,138
189,76
79,219
169,110
149,120
32,368
12,445
104,184
111,165
7,456
179,87
173,81
95,198
65,264
188,70
45,339
34,369
139,124
161,105
8,465
45,313
104,182
78,227
162,85
45,314
123,141
193,53
180,96
138,121
43,321
81,245
198,59
11,447
164,81
146,110
191,69
5,487
31,358
16,435
194,99
9,474
2,462
37,350
84,232
187,69
58,279
83,215
106,183
136,124
52,316
75,248
77,216
69,235
125,145
180,81
34,355
176,80
97,179
152,110
13,444
50,314
91,213
193,73
199,72
4,464
64,271
74,252
167,101
191,74
186,68
16,417
84,214
190,79
138,105
109,155
62,278
161,117
199,67
170,98
44,321
174,89
86,201
81,228
122,140
104,179
159,109
133,139
120,143
146,119
134,125
106,181
178,93
127,148
28,393
107,177
24,409
197,77
28,371
186,81
195,82
146,128
4,477
104,173
177,92
128,132
128,138
106,175
160,100
96,200
127,149
93,200
66,248
58,295
11,441
111,160
104,169
65,247
128,149
17,440
114,148
80,207
66,260
118,157
113,140
132,123
160,114
71,252
157,117
61,261
188,76
58,279
53,305
5,469
114,155
61,277
21,413
186,73
14,437
96,201
79,230
182,77
78,232
41,338
16,427
51,306
1,505
40,339
18,426
34,354
189,71
100,198
149,90
129,142
155,103
179,90
139,113
120,154
102,186
115,162
14,426
92,193
183,87
155,105
150,92
21,401
120,162
152,108
19,400
24,390
26,385
153,101
45,332
108,167
157,102
139,123
24,375
24,397
12,438
135,105
168,78
81,222
99,198
70,255
79,232
23,398
199,72
123,147
38,335
159,95
29,374
172,82
156,88
76,240
68,258
21,388
9,445
49,310
98,176
37,346
21,414
188,72
23,404
138,121
70,245
149,117
101,189
29,362
59,264
168,78
21,422
86,207
99,179
63,269
46,299
133,128
15,430
105,165
111,153
83,214
80,220
168,88
111,150
107,156
87,222
4,467
152,107
42,327
119,147
26,384
106,170
194,68
104,187
8,452
73,235
194,81
78,223
148,109
66,252
68,264
99,195
183,68
78,243
85,192
79,210
39,323
50,292
20,405
70,238
156,93
117,160
112,159
171,98
194,80
28,379
119,158
98,185
73,228
151,96
108,150
163,105
22,402
5,445
60,280
169,92
157,94
163,88
114,156
98,199
196,70
45,311
113,183
137,136
179,92
14,444
69,263
114,164
56,286
111,166
91,187
11,426
158,110
115,177
101,178
167,108
98,203
115,153
152,121
80,231
58,277
30,376
152,112
67,236
29,399
42,318
119,154
62,287
155,103
29,367
194,73
185,75
189,88
29,366
104,171
57,282
55,276
116,151
172,84
128,126
156,99
165,103
151,90
77,242
69,246
58,283
160,111
85,204
69,255
101,169
36,335
160,98
187,75
128,149
188,62
87,215
74,234
93,196
155,85
99,183
24,401
87,206
67,252
164,115
142,120
68,235
172,74
176,101
106,168
119,160
32,359
120,154
145,113
185,77
167,98
160,88
196,73
130,138
78,214
170,118
38,338
55,278
183,95
34,343
46,309
171,92
130,130
164,102
70,254
36,341
150,126
69,248
166,97
105,171
54,287
150,111
112,182
107,176
159,91
53,295
117,150
106,183
93,196
59,263
97,194
86,203
177,89
27,391
72,241
122,146
185,80
134,124
174,89
25,391
98,179
137,139
64,246
159,110
147,129
113,169
65,250
98,196
145,138
34,354
164,97
141,130
59,268
89,190
76,238
149,113
101,172
110,170
193,69
6,475
109,170
11,449
80,225
150,94
139,110
165,114
26,399
185,76
154,111
106,157
149,98
185,49
154,96
15,424
103,186
191,72
163,101
139,121
106,172
68,250
89,208
178,57
29,374
64,262
169,109
96,194
154,123
28,370
84,208
176,103
194,69
23,389
39,339
69,253
21,418
120,143
86,219
177,103
94,206
92,217
164,97
81,228
85,206
165,121
127,149
88,210
94,195
128,118
42,307
190,64
99,180
134,137
136,136
69,251
40,338
138,124
31,378
30,363
179,80
85,216
164,89
61,257
27,385
35,375
60,276
32,371
90,200
132,138
91,187
100,173
27,388
47,310
134,114
26,381
24,403
199,62
119,129
44,340
142,122
141,138
154,111
43,319
43,329
66,262
110,185
111,178
156,112
1,499
140,124
110,161
178,95
181,78
60,272
183,81
163,92
189,71
26,386
159,101
57,297
140,108
133,138
135,125
144,115
52,273
81,215
149,118
27,375
111,160
116,154
79,229
23,414
127,140
25,418
139,150
63,283
185,89
85,217
182,96
119,173
10,454
178,87
112,171
129,137
70,263
158,91
55,292
98,176
86,211
134,124
105,174
24,377
85,220
103,175
133,143
135,129
131,143
141,117
182,89
191,95
76,226
134,139
98,175
47,311
55,270
49,313
185,73
3,493
22,404
35,350
28,386
170,102
140,119
129,149
100,182
117,128
23,399
101,176
28,374
113,141
117,158
197,63
164,92
125,154
54,270
175,91
56,290
10,455
133,143
142,130
152,111
191,67
28,373
21,405
76,211
20,404
190,87
115,154
96,200
51,309
102,192
40,332
85,211
81,226
193,65
115,151
108,180
156,98
182,86
2,494
14,435
14,437
44,329
40,350
34,346
65,251
18,417
112,167
34,359
87,227
177,76
80,208
124,150
183,82
62,268
128,147
70,232
152,92
48,289
80,218
39,351
176,71
70,249
80,228
9,472
29,366
196,61
188,87
154,96
118,166
166,99
62,251
154,114
142,125
177,83
43,319
88,224
8,437
168,78
25,384
191,79
132,134
15,423
16,431
54,274
127,144
11,445
28,385
7,471
114,168
128,133
38,335
152,111
68,239
37,368
120,167
35,337
134,133
110,178
161,96
116,149
110,178
102,194
99,170
182,82
142,120
147,97
139,108
71,237
173,89
188,89
88,180
186,79
88,198
78,235
152,120
11,458
127,139
172,86
79,240
194,69
173,89
74,234
160,104
17,408
182,78
138,127
6,481
148,112
1,470
64,258
1,510
101,184
189,68
1,485
174,91
109,161
60,275
43,318
172,81
38,338
107,170
2,490
82,217
140,134
151,106
111,179
9,455
136,122
178,87
80,232
62,261
23,383
93,207
59,291
10,458
140,116
190,73
125,131
116,167
158,105
74,243
196,72
175,87
41,334
103,178
7,478
94,181
116,148
105,171
52,295
45,329
38,328
164,102
81,221
85,222
58,284
46,314
123,136
195,75
193,69
146,115
130,144
104,191
112,147
132,141
96,204
83,216
170,80
49,310
177,83
117,190
135,133
9,452
199,54
27,372
149,122
35,335
88,190
164,107
93,194
67,253
43,331
8,459
121,133
78,223
36,354
127,141
48,324
174,92
160,92
135,144
74,253
140,116
55,294
23,404
180,86
13,425
199,98
53,290
63,270
74,248
199,64
51,313
186,78
155,100
7,452
119,148
50,307
152,106
87,216
153,125
44,319
36,360
185,80
97,193
165,96
103,182
180,74
125,136
191,68
7,449
94,183
188,75
121,143
109,168
37,352
21,408
98,187
46,297
21,406
98,181
72,250
96,183
52,286
29,388
69,233
167,111
27,383
111,161
138,121
36,358
95,196
16,428
164,96
90,199
108,182
84,211
162,86
165,99
68,239
59,292
157,108
31,346
66,262
89,202
3,498
107,170
69,250
22,397
80,222
53,273
176,80
76,224
175,83
42,339
4,497
113,164
42,322
171,76
97,185
170,79
126,140
3,485
187,79
81,223
139,105
81,213
163,89
105,171
178,85
191,66
124,176
198,81
99,175
6,484
32,380
11,435
43,313
39,340
141,133
13,442
39,321
174,80
162,93
195,80
160,87
68,241
104,177
65,261
113,171
7,460
3,496
86,221
197,69
49,301
58,297
28,383
115,155
155,96
22,414
94,189
101,177
71,238
114,156
13,443
150,106
5,475
22,394
127,145
53,293
39,326
37,344
31,369
62,265
103,158
81,235
127,130
6,477
105,171
81,221
162,97
87,220
52,300
158,104
13,427
186,93
53,279
148,127
134,113
55,307
159,106
59,272
147,101
198,69
98,192
156,106
141,118
180,75
74,250
61,268
169,96
45,324
135,117
86,211
14,448
36,352
8,466
12,439
168,104
106,193
190,67
142,129
177,71
51,306
190,79
5,464
195,80
1,485
104,196
105,176
101,181
128,132
97,196
49,310
145,119
95,186
35,350
195,64
13,422
116,155
165,85
38,362
78,248
134,134
63,248
177,90
9,455
164,108
23,407
79,219
118,150
185,74
178,80
59,261
114,164
135,130
47,309
89,208
87,213
75,248
184,88
136,139
36,340
170,80
39,348
65,278
44,331
77,235
80,225
174,116
141,130
37,343
14,455
122,165
141,108
140,111
55,286
156,118
22,395
84,206
147,123
158,84
182,78
90,193
15,430
30,361
29,373
160,105
117,156
158,98
108,166
115,181
16,435
164,95
82,222
176,91
28,370
62,269
184,69
56,276
75,245
17,432
190,86
21,405
165,91
115,158
162,81
29,388
68,226
188,86
11,438
82,220
128,131
117,147
96,167
188,64
74,248
108,158
162,86
161,99
138,103
60,271
26,388
106,177
25,379
2,502
90,213
84,199
3,492
32,365
1,500
24,387
50,290
171,89
44,326
33,363
38,345
112,152
52,311
35,364
17,424
58,270
48,312
43,321
48,306
44,329
33,355
87,224
83,224
130,146
138,117
83,212
156,93
175,100
136,157
107,177
151,113
176,81
109,184
92,199
63,260
77,217
37,335
12,444
74,220
115,146
81,239
193,81
15,427
80,234
84,208
119,160
10,449
42,348
154,96
49,322
151,109
192,55
17,425
162,106
105,190
57,290
86,202
132,144
199,69
69,235
95,193
83,206
196,69
50,311
126,131
67,259
196,81
88,201
128,136
187,88
113,173
105,163
115,148
63,274
195,69
26,384
128,121
1,490
94,194
115,166
196,67
146,123
12,442
166,108
42,328
164,92
16,419
193,62
67,259
167,114
99,194
59,281
38,330
144,107
139,134
28,383
91,195
111,148
94,193
77,223
80,219
130,123
148,122
72,237
38,347
184,83
167,88
31,365
80,242
151,100
162,91
96,170
17,420
107,151
24,388
163,80
118,161
151,109
136,95
182,71
87,205
149,118
19,422
159,106
50,306
71,250
112,170
24,393
46,313
136,130
77,243
3,462
162,76
77,237
185,70
118,154
58,280
163,120
21,412
65,271
66,255
185,71
42,320
43,338
26,391
195,72
154,124
136,127
175,79
165,93
82,231
146,102
164,97
104,193
130,140
84,214
120,170
3,489
104,161
108,168
34,368
126,144
113,177
110,156
174,87
190,78
70,236
185,79
138,130
88,195
18,403
161,112
135,131
45,295
112,156
157,105
83,195
166,86
39,335
153,105
145,107
61,270
51,296
37,343
67,259
24,375
122,155
49,312
149,118
185,77
169,90
145,116
109,169
102,188
149,120
68,250
192,79
44,327
124,152
28,374
36,362
165,104
127,130
44,314
50,318
113,143
183,80
88,228
138,137
38,352
49,294
72,251
2,505
44,319
35,352
116,167
149,111
57,268
91,174
23,400
32,358
71,218
161,92
17,418
127,136
170,103
17,428
48,308
176,73
57,290
103,193
189,93
44,319
151,116
122,141
53,286
33,367
56,273
28,373
151,122
63,261
7,456
111,185
130,142
193,56
132,137
8,460
126,150
49,311
29,374
82,223
55,292
165,100
95,190
6,456
152,107
112,159
105,174
40,346
12,458
64,271
46,324
14,434
155,102
116,164
37,355
110,176
62,268
67,257
80,244
76,210
14,444
98,184
167,91
133,129
76,215
26,383
81,235
108,167
53,293
63,257
11,448
33,334
41,324
40,339
174,74
4,468
11,443
155,111
8,472
149,113
127,137
127,144
5,473
190,82
32,378
89,204
58,269
72,243
155,126
26,389
168,83
29,374
82,219
7,458
106,186
21,411
195,83
96,161
10,455
62,270
136,119
114,164
4,471
157,88
140,131
100,182
179,67
19,428
111,165
31,359
108,153
26,374
109,152
134,148
29,394
17,434
148,97
170,97
110,190
175,79
74,238
198,87
96,195
2,497
37,339
91,187
147,120
41,327
144,112
115,150
188,85
185,83
64,283
5,487
146,118
72,244
141,133
105,176
74,251
36,351
147,122
159,117
93,182
109,182
23,412
160,99
113,163
11,445
194,66
133,145
95,179
13,441
86,199
192,68
35,341
83,219
29,380
151,122
83,218
80,244
95,189
144,126
154,121
3,482
122,154
124,120
23,409
185,71
137,143
179,83
33,369
92,193
24,425
107,174
50,327
52,297
199,65
38,349
44,334
89,215
126,148
56,286
194,81
45,323
180,81
129,136
87,224
116,144
64,273
136,136
171,113
136,97
29,359
13,430
129,131
29,384
178,71
37,343
1,488
108,167
69,265
117,161
176,80
183,66
194,77
111,158
63,264
22,399
94,206
11,444
29,370
106,164
3,478
173,98
3,485
74,237
196,57
14,424
81,228
65,259
185,76
143,123
188,83
182,88
117,152
130,135
82,225
192,51
28,380
94,202
67,249
3,472
181,96
154,99
4,480
144,122
92,190
72,228
182,84
104,163
16,433
31,365
87,231
130,138
73,234
91,209
173,99
54,278
187,81
187,81
150,121
162,89
73,248
128,143
184,77
162,126
99,174
154,105
199,59
173,92
76,251
149,127
171,64
86,227
39,334
141,115
170,93
45,316
87,206
179,76
119,155
17,434
84,217
191,73
135,136
183,93
132,135
31,365
94,202
95,187
184,59
132,140
82,216
84,211
40,316
104,169
112,160
47,327
50,321
151,109
51,306
38,330
137,128
189,71
149,97
9,468
116,159
25,396
113,158
36,326
111,151
171,100
78,227
81,229
28,374
192,74
45,319
105,166
184,82
48,325
136,123
142,104
15,438
128,125
167,84
153,106
63,273
59,282
157,101
3,472
39,365
22,403
101,190
127,145
169,107
20,399
147,119
141,119
91,190
19,427
66,249
193,77
131,152
152,126
38,333
130,146
184,85
37,334
132,115
78,229
172,102
45,348
81,216
84,218
124,134
175,103
93,200
154,112
106,175
102,172
92,208
137,137
96,204
80,235
48,300
31,365
183,85
1,489
126,130
187,74
139,126
130,170
46,329
1,488
70,241
199,58
66,266
2,486
69,249
13,434
147,138
83,231
47,303
129,126
146,128
113,152
32,376
96,199
11,439
148,120
8,466
102,164
166,95
6,467
2,494
73,239
183,84
3,479
66,257
26,372
176,82
94,191
102,166
136,129
195,87
75,229
89,217
116,160
197,50
30,395
155,97
43,325
133,136
20,409
52,305
21,418
131,126
41,330
124,138
192,67
108,171
196,80
199,52
152,108
52,289
2,496
44,327
41,342
70,236
7,470
38,341
173,72
9,442
53,290
28,378
128,151
19,410
196,74
132,134
13,430
11,443
2,490
198,57
140,129
126,156
165,112
56,293
88,211
52,279
125,133
132,120
105,170
132,141
177,88
52,301
34,361
22,394
141,120
63,268
15,441
168,92
38,340
105,161
55,280
172,92
117,153
120,136
66,244
66,248
171,88
72,253
166,98
157,94
75,229
184,84
134,134
9,450
150,89
174,91
89,202
31,384
21,402
38,342
52,295
147,119
138,130
174,77
76,221
83,229
194,67
79,232
38,338
62,250
72,257
174,96
163,103
102,171
171,98
128,142
158,96
73,238
63,266
158,97
113,165
83,227
157,99
194,71
22,400
163,106
170,93
152,120
26,379
159,102
87,215
130,143
167,90
97,189
140,115
73,222
172,86
43,322
195,67
88,197
97,195
166,102
194,71
40,327
150,106
191,74
187,86
19,400
20,404
119,154
73,249
171,77
186,70
82,197
105,188
54,280
82,225
40,349
100,198
27,364
141,132
47,321
112,173
151,88
119,146
59,260
77,227
126,150
7,486
50,312
104,181
66,253
131,129
106,177
167,93
7,472
196,69
183,95
8,472
32,355
19,421
118,156
140,116
57,303
138,129
91,205
21,413
148,120
121,159
132,121
147,129
29,378
71,248
64,256
139,116
33,350
25,385
161,101
26,372
36,366
11,453
30,360
57,293
97,184
138,118
25,402
96,185
196,71
57,292
123,158
34,358
86,194
54,281
51,315
6,480
187,84
54,284
17,412
154,93
88,202
137,131
2,505
20,408
91,201
6,480
119,147
79,225
55,289
48,304
58,285
170,93
149,115
6,461
30,379
151,127
36,356
110,159
121,133
3,484
90,209
162,92
30,367
115,170
170,75
149,116
118,143
88,216
4,488
177,85
176,89
51,291
24,402
46,320
116,156
27,374
95,194
111,161
179,91
99,202
116,163
20,406
80,239
95,189
199,71
146,112
136,129
155,89
14,423
146,115
65,264
159,101
20,418
70,227
45,324
1,508
147,123
39,345
119,162
155,94
56,273
144,115
7,465
20,411
159,90
84,213
79,237
153,105
110,150
1,479
145,127
80,239
27,374
119,161
123,152
24,379
190,80
52,304
51,297
194,68
57,285
55,281
53,306
89,205
19,409
109,167
141,132
29,373
134,126
120,135
129,139
152,107
74,227
99,190
6,460
176,80
148,119
76,238
67,257
183,77
18,413
21,397
192,70
165,107
19,402
56,260
190,67
18,433
158,99
184,80
106,174
170,85
53,308
86,209
50,314
127,141
4,481
63,256
195,81
113,160
56,287
177,102
150,114
140,125
177,95
13,446
105,170
33,354
175,91
64,258
83,218
105,162
145,134
34,350
68,259
39,345
129,155
133,135
40,331
63,266
129,129
163,111
145,114
94,213
99,179
60,300
129,131
132,126
137,121
45,312
160,105
69,243
14,423
179,74
151,131
174,76
155,108
89,196
36,353
196,72
32,380
73,237
194,76
170,102
50,300
57,285
117,140
192,78
174,90
111,157
89,193
104,174
54,279
53,295
157,110
165,78
69,242
14,451
155,112
5,461
118,149
172,71
143,131
67,256
1,496
152,121
109,166
62,272
78,240
57,275
20,397
186,96
14,427
181,58
35,345
190,68
189,96
147,120
84,214
42,322
172,96
98,198
1,500
68,263
104,192
78,230
174,83
51,296
32,376
100,191
147,116
39,333
142,113
157,104
42,319
14,432
116,169
139,123
75,234
47,314
104,186
24,411
150,100
177,97
183,88
55,276
70,239
78,239
73,246
163,81
44,314
164,102
89,215
15,434
45,298
122,140
62,259
92,206
178,80
13,444
105,177
159,90
5,484
83,230
136,138
141,124
169,91
17,416
32,376
5,492
126,135
137,116
107,161
162,89
1,498
168,80
182,75
126,137
32,365
126,140
99,190
113,160
178,86
187,96
190,76
11,451
23,421
119,151
26,400
63,279
174,78
69,252
90,210
134,140
51,292
43,317
170,100
141,112
25,386
130,122
14,426
145,115
105,174
104,178
168,92
39,348
153,121
48,302
115,142
49,311
161,110
27,374
45,316
31,376
63,277
112,168
166,95
108,165
168,95
186,79
65,268
11,452
143,106
97,188
185,92
112,139
153,95
167,84
33,366
29,369
186,79
11,453
141,127
69,244
21,402
3,483
154,124
161,98
94,201
22,408
62,280
5,484
147,116
9,462
58,305
24,386
167,89
61,260
127,142
48,305
178,74
62,269
181,68
149,125
38,352
118,171
59,304
97,173
171,89
17,435
69,263
172,98
191,64
23,400
103,189
196,67
154,100
94,193
176,80
175,90
46,301
29,391
34,350
10,442
20,405
34,359
101,167
141,116
87,209
138,119
45,309
128,148
89,215
82,229
119,158
92,187
136,128
5,489
20,397
121,139
172,92
58,288
148,121
199,72
89,195
100,189
115,152
74,242
168,92
16,423
4,504
10,441
179,76
48,320
20,427
32,370
194,70
60,267
11,457
20,409
23,392
127,151
77,230
35,339
145,118
10,449
38,332
83,221
32,368
54,266
57,294
107,182
25,388
142,113
45,324
172,90
118,148
